Date,Wind_Offshore,Day_ahead_Price,Total_Load_Forecast,Total_Load_Actual
10/01/2018,946.9166667,100,3601.895833,3773.541667
10/02/2018,1674.083333,72.22,3324.458333,3416.604167
10/03/2018,1291.333333,80.61,3393.75,3414.791667
10/04/2018,910.7916667,71.6,3407.3125,3517.9375
10/05/2018,509.6666667,80.55,3286.895833,3181.541667
10/06/2018,842.25,103.46,2723.3125,2713.520833
10/07/2018,2174.583333,71.15,3045.291667,3120.479167
10/08/2018,2934.083333,71.11,3095.916667,3046.958333
10/09/2018,3019.625,63.07,3184.083333,3166.958333
10/10/2018,2677.833333,74.46,3470.3125,3391.645833
10/11/2018,2113.958333,74.21,3380.833333,3312.5625
10/12/2018,2808.791667,64.54,3457.5,3693.479167
13/10/2018,653.7083333,89.51,3185.666667,3105.958333
14/10/2018,544.2916667,85.81,3056.833333,2922.145833
15/10/2018,674.5416667,111.61,3475.479167,3260.833333
16/10/2018,2061.083333,70,3464.708333,3366.020833
17/10/2018,486,80.14,3538.5,3356.729167
18/10/2018,260.8333333,92.97,3550.5,3428.541667
19/10/2018,845.1666667,80.74,3523.270833,3360.145833
20/10/2018,1374.5,81.48,3251.5625,3096.4375
21/10/2018,1575.875,77.01,3117.833333,2977.0625
22/10/2018,1024.208333,90,3487.604167,3350.5625
23/10/2018,1607.541667,73.4,3577.8125,3435.9375
24/10/2018,762.625,78.96,3605.666667,3488.625
25/10/2018,848.7916667,101.57,3607.395833,3466.395833
26/10/2018,2514.708333,82.82,3541.0625,3401.770833
27/10/2018,2123.791667,73.56,3242.145833,3208.145833
28/10/2018,517.36,72.65,2892.5,3106.913043
29/10/2018,1233.166667,66.44,3131.5,3142.145833
30/10/2018,592.75,90,3562.75,3518.354167
31/10/2018,467.75,84.82,3539.208333,3553.104167
11/01/2018,392.4583333,82.89,3610.979167,3779.0625
11/02/2018,1621.666667,75,3188.333333,3298.5
11/03/2018,3428.458333,57.82,3194.75,3213.625
11/04/2018,1740.583333,72.33,3408.958333,3534.895833
11/05/2018,431.875,82.59,3245.625,3228.791667
11/06/2018,2048.791667,55.03,3068.104167,3038.416667
11/07/2018,987.625,74.43,3062.0625,3162.583333
11/08/2018,1750.333333,62.79,2854.666667,2882.8125
11/09/2018,2748.25,58,3242.833333,3229.979167
11/10/2018,1066.75,75.06,3480.395833,3342.083333
11/11/2018,1607.625,66.57,3258.645833,3166.541667
11/12/2018,2170.166667,69.1,3938.543478,3776.895833
13/11/2018,2333.333333,69.76,3791.729167,3635.8125
14/11/2018,3292.458333,62.22,3764.625,3666.9375
15/11/2018,2327.833333,66.6,3770.583333,3612.625
16/11/2018,2188.375,72.36,3756.729167,3545.4375
17/11/2018,2609.166667,67.67,3471,3330.416667
18/11/2018,2335.75,66,3324.041667,3160.375
19/11/2018,1815.875,77.57,3689.4375,3562.875
20/11/2018,1713.541667,69.19,3773.395833,3658.291667
21/11/2018,1167.291667,72.7,3791.520833,3746.6875
22/11/2018,1814.5,85.93,3831.9375,3728.958333
23/11/2018,1217.75,93.7,3837.5625,3690.4375
24/11/2018,837.4583333,77.26,3569.416667,3380.5
25/11/2018,917.0416667,73.52,3423.5625,3242.583333
26/11/2018,1109.791667,94.81,3878.770833,3636.520833
27/11/2018,2463.375,68.69,3930.833333,3758.75
28/11/2018,3470.666667,53,3956.708333,3799.086957
29/11/2018,2534.041667,70,3942.979167,3687.3125
30/11/2018,2564.416667,64.84,3872.020833,3688.979167
12/01/2018,1210,79.71,3605.5,3742.208333
12/02/2018,1547.166667,70.46,3615.875,3711.729167
12/03/2018,510.1666667,89.4,3616.041667,3587.9375
12/04/2018,553.25,123.74,3422.541667,3511.291667
12/05/2018,1137.583333,73.88,2961.520833,2960.833333
12/06/2018,2009.875,65.44,3155.395833,3092.958333
12/07/2018,3686.166667,65.59,3064.041667,3144.6875
12/08/2018,3332.916667,67,2674.916667,2792.791667
12/09/2018,2567.458333,67.04,3238.958333,3212.291667
12/10/2018,1081.208333,85.23,3444.166667,3372.625
12/11/2018,2149.208333,63.22,3713.208333,3524.833333
12/12/2018,1550.541667,102.2,3936.75,3738.708333
13/12/2018,2877.541667,62.2,3921.5,3808.125
14/12/2018,2796.541667,77.97,3879.75,3771.208333
15/12/2018,3087.958333,72.78,3620.25,3538.166667
16/12/2018,1613.25,74.06,3457.479167,3369.916667
17/12/2018,2840.416667,76.88,3888.395833,3777.145833
18/12/2018,2056.541667,71.89,3964.395833,3770.869565
19/12/2018,2349.5,68.11,3964.083333,3754.645833
20/12/2018,2024.541667,65.67,3923.416667,3722.125
21/12/2018,1755.708333,87.66,3885.520833,3599.958333
22/12/2018,1231.708333,68.61,3581.625,3329.520833
23/12/2018,507.5833333,76.16,3418.6875,3214.854167
24/12/2018,520.5833333,83.84,3459.354167,3220
25/12/2018,1466.125,79.22,3461.708333,2949.1875
26/12/2018,1080.541667,70.36,3138.0625,2835.541667
27/12/2018,299.0416667,90.1,3516.5,3075.166667
28/12/2018,744.875,86.46,3420.833333,3166.895833
29/12/2018,1503.875,67.92,3290.145833,3093.833333
30/12/2018,1062.916667,75.3,3235.145833,3005.75
31/12/2018,1344.458333,68.6,3432.291667,3148.3125
01/01/2019,244.625,67.73,4038.354167,3017.854167
01/02/2019,498.5833333,126.8,3749.479167,3852.666667
01/03/2019,764.2916667,112.33,3682.416667,3524.291667
01/04/2019,1133.375,146.9,3345.695652,3421.604167
01/05/2019,1362.708333,73.23,3317.291667,3330.791667
01/06/2019,431.8333333,74.65,3057.1875,2934.75
01/07/2019,2010.5,69.92,3276.333333,3060.833333
01/08/2019,516.5833333,150.84,3295.6875,3106.895833
01/09/2019,110.5,116,2998,2798.9375
01/10/2019,157.0416667,95,3565,3333.145833
01/11/2019,535.1666667,78.15,3641.270833,3529.9375
01/12/2019,2305,62.91,3477.458333,3395.458333
13/01/2019,2892.375,53.17,3484.333333,3238.708333
14/01/2019,983,99.11,3891.520833,3562.8125
15/01/2019,2197,70.14,3972.541667,3605.75
16/01/2019,1748.5,71.07,4043.520833,3619.041667
17/01/2019,1059.833333,155.57,4034.916667,3757.6875
18/01/2019,1485.166667,76,3968.958333,3697.541667
19/01/2019,1004.291667,80.98,3709.75,3408.916667
20/01/2019,1629.958333,64.5,3538.958333,3253.520833
21/01/2019,2098.708333,73.7,3933.166667,3771.583333
22/01/2019,2392.916667,71.54,3987.458333,3826.395833
23/01/2019,681.9583333,94.77,3976.333333,3860.5
24/01/2019,1138.375,108.71,4002.520833,3774.270833
25/01/2019,1629.625,77.49,3925.5625,3621.916667
26/01/2019,2816.625,53.17,3638.083333,3377.666667
27/01/2019,2586.041667,50.03,3456.916667,3352.020833
28/01/2019,1654.791667,75.42,3847.1875,3714.083333
29/01/2019,1405.583333,77.96,3929.354167,3785.6875
30/01/2019,993.625,84.72,3948.458333,3872.166667
31/01/2019,1603.541667,71.07,3992.229167,3921.1875
02/01/2019,1703.791667,83.68,4130.666667,3441.645833
02/02/2019,598.9166667,71,3489.9375,3567.3125
02/03/2019,1784.083333,57,3396.583333,3371.8125
02/04/2019,1721.375,66.75,3463.875,3524.270833
02/05/2019,2488.333333,63,3304.6875,3321.833333
02/06/2019,2052.333333,60.97,2885.625,2732.3125
02/07/2019,2505.333333,60.63,3383.791667,3159
02/08/2019,3658.291667,55,3256.708333,3087.520833
02/09/2019,2203.75,53,3386.666667,3131.145833
02/10/2019,2126.166667,58,3560.895833,3416.104167
02/11/2019,822.5,115.64,3314.479167,3283.166667
02/12/2019,2183.416667,56.86,3929.958333,3860.1875
13/02/2019,2970.791667,53.1,3811,3663.854167
14/02/2019,2808.666667,53.63,3812.104167,3606.0625
15/02/2019,2801.166667,53.64,3746.5625,3595.666667
16/02/2019,2830.875,72.1,3419.979167,3332.645833
17/02/2019,3159.083333,49.79,3255.854167,3159.6875
18/02/2019,2258.833333,54.95,3596.083333,3561.9375
19/02/2019,2370.75,59,3677.270833,3684.770833
20/02/2019,2763.916667,53.47,3748.145833,3649.208333
21/02/2019,3078.625,52.8,3744.4375,3611.9375
22/02/2019,3416.291667,52.14,3717.25,3559.479167
23/02/2019,2115.458333,47.8,3437.1875,3276.458333
24/02/2019,2158.375,51.65,3279.708333,3173.604167
25/02/2019,2276.166667,47.82,3707.229167,3423.875
26/02/2019,1191.833333,78.49,3792.6875,3482.958333
27/02/2019,728.5,75,3778.333333,3535.104167
28/02/2019,957.5833333,61.1,3789.479167,3557.479167
03/01/2019,1053.666667,69.02,3741.541667,3582.333333
03/02/2019,2715.25,32.5,3308.520833,3405.229167
03/03/2019,1607.875,61.71,3246.9375,3306.1875
03/04/2019,2525.625,53.72,3505.208333,3638.895833
03/05/2019,1670.166667,52.09,3220.229167,3279.458333
03/06/2019,1868.541667,60.45,2896.625,2780.6875
03/07/2019,2501.375,47,3405.854167,3155.708333
03/08/2019,2030.708333,55.97,2972.458333,2837.104167
03/09/2019,2237.375,46.75,3453,3220.916667
03/10/2019,2960.125,35.26,3564.0625,3436.270833
03/11/2019,2817.166667,89.8,3140.833333,3194.791667
03/12/2019,3483.541667,59,4008.041667,3812.104167
13/03/2019,3690.666667,49.11,3583.270833,3753.3125
14/03/2019,3267.5,45.59,3584.479167,3683.125
15/03/2019,2535.083333,47.67,3468.604167,3601.354167
16/03/2019,1951.333333,45.67,3256.333333,3341.395833
17/03/2019,2571.291667,44.59,3111.375,3162.520833
18/03/2019,849.9583333,50,3161.5625,3217.520833
19/03/2019,919.7083333,55.09,3461.833333,3515.25
20/03/2019,1108.416667,60.95,3580.791667,3569.5
21/03/2019,1742.333333,55.06,3500.333333,3525.270833
22/03/2019,2375.041667,47.05,3512.1875,3524.291667
23/03/2019,295.9583333,56.39,3244.166667,3310.458333
24/03/2019,831.2916667,43.1,3055.4375,3162.458333
25/03/2019,225.0833333,103.44,3454.291667,3480.583333
26/03/2019,432.2083333,62,3539.5625,3508.125
27/03/2019,447.125,64.43,3549.625,3483.166667
28/03/2019,882.0833333,65,3512.416667,3446
29/03/2019,1032.833333,50.89,3413.625,3396.375
30/03/2019,432.7916667,54.11,3177.75,3196.708333
31/03/2019,794.5652174,47.86,3168,3052.782609
04/01/2019,672,81.42,3663.875,3593.75
04/02/2019,2268.333333,60,3731.416667,3679.5
04/03/2019,2608.333333,47.04,3670.166667,3628.145833
04/04/2019,949.25,55.62,3491.229167,3651.791667
04/05/2019,833.9166667,48.55,2974.583333,3079.854167
04/06/2019,1206.833333,56.87,3332.395833,3195.833333
04/07/2019,465.6666667,65.97,3395.041667,3162.291667
04/08/2019,1092.916667,69.52,2793.229167,2716.479167
04/09/2019,604.7916667,74.99,3465.375,3217.1875
04/10/2019,355.6666667,87.31,3576,3364.5
04/11/2019,294.875,104,3719.041667,3557.875
04/12/2019,1527.958333,62.62,4053.75,3756.666667
13/04/2019,3173.041667,48.53,3110.958333,3266.4375
14/04/2019,3493.541667,49.34,2967.604167,3199.479167
15/04/2019,3588,50.99,3285.229167,3645.229167
16/04/2019,691.375,64.4,3400.104167,3567.875
17/04/2019,1131.458333,58.12,3409.583333,3523.479167
18/04/2019,1341.041667,49.79,3371.666667,3421.375
19/04/2019,678.2083333,59.22,3315.104167,3270.979167
20/04/2019,147.625,65.52,3045.5625,3049.333333
21/04/2019,843.9166667,58.7,2876.166667,2837.895833
22/04/2019,1986.75,42.33,2933.458333,2837.729167
23/04/2019,1050.166667,47.49,3313.291667,3174.333333
24/04/2019,927.5,54.51,3317.0625,3291.291667
25/04/2019,724.0416667,51.92,3320.0625,3314.458333
26/04/2019,2052.958333,47.95,3303.729167,3296.354167
27/04/2019,2745.416667,32,2998.583333,3110.520833
28/04/2019,478.5,50.21,2896.666667,2989.458333
29/04/2019,712.7083333,59.43,3183.083333,3304.395833
30/04/2019,1181.541667,48.51,3324.229167,3399.791667
05/01/2019,246.1666667,68.01,3500.895833,3343.5
05/02/2019,625.0416667,47.59,3796.708333,3751.9375
05/03/2019,719.4166667,62.54,3726.708333,3645.125
05/04/2019,677.7083333,45.04,3422.083333,3595.395833
05/05/2019,169.9583333,50.27,2805.333333,2929.625
05/06/2019,147.7083333,47.04,3387.520833,3209.958333
05/07/2019,290.8333333,65.78,3355.020833,3142.25
05/08/2019,944.1666667,50.67,2844.3125,2696.520833
05/09/2019,304.2916667,53,3514.479167,3215.604167
05/10/2019,221.625,76.99,3316.541667,3126.791667
05/11/2019,462.7083333,66.5,3678.125,3620.895833
05/12/2019,441.5,57,4096.854167,3788.458333
13/05/2019,1838.625,43.07,3125.375,3124.291667
14/05/2019,2053.416667,43.83,3156.770833,3166.5
15/05/2019,1733.875,43.05,3170.0625,3167.270833
16/05/2019,366.1666667,47.51,3176.666667,3193.708333
17/05/2019,170.125,60.01,3143.729167,3197.416667
18/05/2019,550.9166667,60.93,2865.666667,2968.270833
19/05/2019,909,48.14,2748.958333,2844.708333
20/05/2019,415,59.78,3106.5625,3147.708333
21/05/2019,127.4166667,63,3184.6875,3226.520833
22/05/2019,374.1666667,106.32,3185.041667,3249.625
23/05/2019,215.4583333,100,3179,3277.125
24/05/2019,491.75,103.13,3148.208333,3245.645833
25/05/2019,354.6666667,90,2886.791667,2981.958333
26/05/2019,1618.25,38.73,2748.416667,2858.1875
27/05/2019,1514.5,40.92,3105.458333,3125.208333
28/05/2019,856.7916667,52,3135.333333,3228.8125
29/05/2019,929.8333333,52.17,3136.375,3242.291667
30/05/2019,1666.666667,42.13,3157.229167,3234.833333
31/05/2019,1843.708333,44.95,3090.1875,3160.291667
06/01/2019,418.3333333,48.68,3389.625,3188.3125
06/02/2019,2312.541667,38.93,3815.5,3702.770833
06/03/2019,1514.791667,29.24,3699.416667,3667.604167
06/04/2019,320.1666667,66,3147.9375,3248.9375
06/05/2019,726.125,43.58,2835.229167,2973.833333
06/06/2019,541.2916667,54,3394.791667,3167.695652
06/07/2019,433.25,84,3023.083333,2891.125
06/08/2019,1058.75,0,3247.666667,2996.041667
06/09/2019,504.8333333,48.14,3454.958333,3186.458333
06/10/2019,242.2916667,58.94,3135.9375,2971.416667
06/11/2019,1288.083333,48.49,3744.354167,3676.583333
06/12/2019,1682.416667,49.46,4022.9375,3622.166667
13/06/2019,1486.875,42.77,3375.979167,3199.5
14/06/2019,751.375,125,3374.3125,3214.9375
15/06/2019,316.4166667,51.35,3056.25,2930
16/06/2019,915,49.09,2884.895833,2813.729167
17/06/2019,1374,40.28,3296.083333,3078.479167
18/06/2019,413.4583333,83.07,3375.229167,3172.666667
19/06/2019,598.0416667,75.22,3417.9375,3167.75
20/06/2019,611.625,49.45,3363.520833,3148.75
21/06/2019,240.0416667,44.39,3275.208333,3117.833333
22/06/2019,562.4583333,43.81,3002.208333,2876.083333
23/06/2019,1435.875,41,2868.729167,2781.75
24/06/2019,439.25,73.79,3278.125,3145.520833
25/06/2019,117,71.93,3354.895833,3218.895833
26/06/2019,877.1666667,59.88,3378.083333,3198.208333
27/06/2019,2048.833333,45.7,3352.666667,3181.229167
28/06/2019,1842.958333,38.85,3317.145833,3156.5625
29/06/2019,702.5,49.05,3015.520833,2883.8125
30/06/2019,1621.25,41.82,2868.125,2742.479167
07/01/2019,1276.458333,34.68,3829.208333,3570.166667
07/02/2019,223.375,70.43,3815.708333,3742.5
07/03/2019,178.1666667,70.93,3647.416667,3686.479167
07/04/2019,208,69,2993.645833,3121.5
07/05/2019,405.6666667,59.99,3179,3299.041667
07/06/2019,296.9166667,48.2,3346.979167,3152.854167
07/07/2019,161,48.08,2828.833333,2739.833333
07/08/2019,81.95833333,89.7,3286.125,3100.25
07/09/2019,138.7083333,101,3166.8125,2981.625
07/10/2019,310.9166667,62,3559.895833,3322.25
07/11/2019,567.625,57.98,3767.604167,3683.604167
07/12/2019,712.1666667,55.61,3714.5625,3351.25
13/07/2019,423.8333333,63.11,3050.1875,2872.270833
14/07/2019,251.7916667,59.6,2867.895833,2753.4375
15/07/2019,332.5416667,98,3282.854167,3101.208333
16/07/2019,311.6666667,110,3334.875,3191.291667
17/07/2019,1037.875,47.52,3350.208333,3143.104167
18/07/2019,864.0416667,45.92,3347.770833,3130.083333
19/07/2019,730.875,61.5,3320.333333,3184.041667
20/07/2019,412.6666667,56.96,3030.979167,2871.333333
21/07/2019,1479.625,37.07,2849.833333,2802.4375
22/07/2019,2500.958333,33,3290.645833,3188.833333
23/07/2019,1315.875,42.43,3379.333333,3163.104167
24/07/2019,613.125,45,3363.625,3140.708333
25/07/2019,2041,48.53,3349.666667,3198.666667
26/07/2019,1666.375,47.47,3284.25,3072.875
27/07/2019,266.9166667,85.41,2969.333333,2832.020833
28/07/2019,431.5416667,46.78,2818.395833,2714.1875
29/07/2019,571.0416667,105,3190,3046.125
30/07/2019,460.9583333,53.51,3258.0625,3088.0625
31/07/2019,395,81,3254.708333,3100.875
08/01/2019,153.5833333,81.83,3931.333333,3632.354167
08/02/2019,212.1666667,79.92,3780.270833,3785.104167
08/03/2019,545.4583333,52.98,3602.625,3635.583333
08/04/2019,707.625,49.67,3292.875,3474.166667
08/05/2019,872.5416667,51.01,3241.6875,3338.395833
08/06/2019,1323.25,48,3061.875,2881.541667
08/07/2019,697.7916667,51,3273.583333,3117.791667
08/08/2019,570.125,87.8,3293.729167,3140.916667
08/09/2019,1175.75,44.36,3040.895833,2855
08/10/2019,1561.25,52.82,3646.145833,3368.9375
08/11/2019,775.5,45,3650.4375,3660.4375
08/12/2019,418.0416667,71.38,3487.875,3287.875
13/08/2019,420.375,96,3332.354167,3174.75
14/08/2019,391.5,73.53,3379.916667,3209.875
15/08/2019,1300,41.48,3373.5,3159.458333
16/08/2019,2349.5,42.76,3318.1875,3186.333333
17/08/2019,2484.625,35,3027.5,2883.625
18/08/2019,2188.791667,33.95,2898.125,2777.083333
19/08/2019,1562,44.1,3313.145833,3048.583333
20/08/2019,694.9583333,81,3405.104167,3164.625
21/08/2019,1851.875,40.08,3428.666667,3222.958333
22/08/2019,1697.666667,39.96,3424.979167,3255.708333
23/08/2019,1482.875,47.62,3387.229167,3191.333333
24/08/2019,582,58.15,3103.333333,2978.9375
25/08/2019,474.0833333,69.91,2956.458333,2856.791667
26/08/2019,419.1666667,100,3361.604167,3134.5625
27/08/2019,1131.791667,91.91,3425.020833,3258.291667
28/08/2019,433.375,100.9,3431.25,3185.375
29/08/2019,2310.375,46.57,3417.854167,3228.25
30/08/2019,2427.833333,37.03,3376.25,3233.666667
31/08/2019,1736.458333,38.96,3084.520833,2927.958333
09/01/2019,1391,47.84,3976.479167,3653.479167
09/02/2019,1180.166667,44.15,3510.208333,3497.229167
09/03/2019,2160.416667,41.59,3337.479167,3357.208333
09/04/2019,2842.958333,32,3415.958333,3505.979167
09/05/2019,1447.708333,36.6,3234.625,3345.458333
09/06/2019,2197.375,36.79,2905.6875,2798.5625
09/07/2019,355.2083333,56.71,3342.25,3186.833333
09/08/2019,433.5833333,46.46,3271.354167,3123.604167
09/09/2019,1305.541667,46.85,3431.5,3130.041667
09/10/2019,1164.75,77.83,3639.916667,3394.354167
09/11/2019,2027.625,35.84,3371.979167,3395.3125
09/12/2019,1559.166667,44.31,3994.166667,3690.0625
13/09/2019,265.8333333,145.84,3464.4375,3189.25
14/09/2019,1261.958333,46.14,3157.333333,2920
15/09/2019,719.9583333,47.39,3039.395833,2861.270833
16/09/2019,398.0416667,75.32,3468.791667,3211
17/09/2019,90.91666667,120.03,3509.166667,3253.854167
18/09/2019,173.6666667,107.17,3541.208333,3263.75
19/09/2019,463.75,80,3547.75,3251.354167
20/09/2019,2155.041667,49.13,3495.083333,3179.895833
21/09/2019,2824.041667,29.32,3212.0625,3000.416667
22/09/2019,1013.875,49.27,3070.4375,2926.5625
23/09/2019,1710.958333,45.56,3444.0625,3188.416667
24/09/2019,1233.416667,50.52,3531.666667,3264.604167
25/09/2019,1068.041667,52,3566.6875,3308.208333
26/09/2019,2005.958333,44.85,3535.0625,3262
27/09/2019,1764.333333,48.08,3496.145833,3245.166667
28/09/2019,1503.125,38.43,3214.229167,3043.125
29/09/2019,1013.333333,46.06,3060.75,2921.104167
30/09/2019,726,45.42,3468.270833,3294.125
10/01/2019,1024.25,41.83,3963.6875,3608.5
10/02/2019,239.75,78.24,3392.875,3356.9375
10/03/2019,2187.541667,28.15,3170.104167,3287.895833
10/04/2019,1962.125,37.45,3417.4375,3483.583333
10/05/2019,1024.875,48.7,3195.5625,3302.9375
10/06/2019,600.0833333,45.3,3226.958333,3086.041667
10/07/2019,2525.625,48.05,3368.4375,3180.229167
10/08/2019,2986.5,39,3010.125,2950.354167
10/09/2019,2672.666667,46.11,3511.270833,3242.604167
10/10/2019,2427.833333,43.18,3641.208333,3411.770833
10/11/2019,1772.041667,42.49,3256.791667,3329.6875
10/12/2019,868.5,50.2,4046.3125,3728.625
13/10/2019,355.2916667,50.33,3184.208333,2990.895833
14/10/2019,579.375,50.68,3454.583333,3346.586957
15/10/2019,1367.916667,54.37,3609.708333,3409.5
16/10/2019,1421.041667,46.9,3706.604167,3331.347826
17/10/2019,2091.833333,48.6,3717.916667,3357.375
18/10/2019,1039.416667,55.68,3702.333333,3386.166667
19/10/2019,999.875,56.38,3412.375,3150.270833
20/10/2019,1473.291667,43.12,3254.291667,3037.804348
21/10/2019,264.6666667,92,3642.729167,3423.043478
22/10/2019,1247.25,52.37,3762.229167,3504.75
23/10/2019,2454.583333,38.18,3791.333333,3551.020833
24/10/2019,1429.791667,50.89,3788.0625,3480.708333
25/10/2019,650.4166667,87,3713.645833,3623.75
26/10/2019,658.8333333,59.72,3395.833333,3273.5625
27/10/2019,549.68,55.42,3149.5,3143.326087
28/10/2019,723.5833333,51.12,3251.76087,3217.291667
29/10/2019,1962.666667,49.2,3737.458333,3542.895833
30/10/2019,2438.25,41.57,3725.208333,3590.583333
31/10/2019,1245,45.98,3698.604167,3556.833333
11/01/2019,1961.375,70.49,3965.729167,3565.25
11/02/2019,2827.916667,42.84,3781.541667,3662.625
11/03/2019,1129.625,42.23,3546.208333,3671.770833
11/04/2019,1484.083333,46.67,3419.3125,3484.3125
11/05/2019,1323.833333,48.45,2923.333333,3022.583333
11/06/2019,825.375,65.81,3366.208333,3110.895833
11/07/2019,1779.833333,48.75,3370.583333,3181.708333
11/08/2019,751.2083333,73.2,2848.645833,2763.270833
11/09/2019,1928.125,50.43,3503.333333,3255.6875
11/10/2019,1100.375,58.85,3623.604167,3335.25
11/11/2019,3068.583333,46.47,3746.375,3713.208333
11/12/2019,1976.666667,47.94,4049.75,3781.958333
13/11/2019,1140.166667,68.15,3804.916667,3812.75
14/11/2019,2828.416667,51,3821.791667,3812
15/11/2019,1590.541667,47.8,3797.416667,3789.6875
16/11/2019,158.625,66.19,3483.291667,3595.395833
17/11/2019,1072.041667,49.41,3338.395833,3398.729167
18/11/2019,919.0416667,64.53,3730.208333,3781.541667
19/11/2019,1514.375,62,3808.125,3759.354167
20/11/2019,2343.916667,54.17,3840.854167,3779.895833
21/11/2019,1138,51,3881.770833,3775.9375
22/11/2019,352.25,56.78,3878.833333,3731.541667
23/11/2019,1042.958333,56.92,3589.916667,3503.854167
24/11/2019,895.0833333,57.34,3459.395833,3310.333333
25/11/2019,986.1666667,62.75,3932.916667,3660.25
26/11/2019,1201,53.11,3993.625,3674.270833
27/11/2019,335.5,80,4029.645833,3728.020833
28/11/2019,572.6666667,71.44,3993.708333,3732.6875
29/11/2019,605.8333333,61,3937.854167,3693.791667
30/11/2019,1364.916667,46.73,3653.333333,3424.791667
12/01/2019,415.9583333,55.48,3648.645833,3353.979167
12/02/2019,322.9583333,115,3838.375,3705.604167
12/03/2019,2095.041667,60.16,3592.416667,3735.291667
12/04/2019,1922.833333,53.07,3362.645833,3463.770833
12/05/2019,3341.916667,37.71,2777.520833,2868.145833
12/06/2019,2835.916667,51,3383.375,3157.5
12/07/2019,2670.625,56.57,3328.979167,3155.645833
12/08/2019,4032.541667,-0.1,3243.354167,3048.291667
12/09/2019,2398.75,48.98,3507.395833,3231.395833
12/10/2019,3950.291667,39,3352.5625,3065.354167
12/11/2019,2503.875,53.19,3830.458333,3762.75
12/12/2019,2422.75,60.74,4022.854167,3776.895833
13/12/2019,2971.291667,48.55,3960.3125,3753.208333
14/12/2019,3092.791667,44.48,3699.979167,3541.854167
15/12/2019,1514.875,49.51,3533.875,3482.229167
16/12/2019,1126.875,52.62,3977.083333,3838.604167
17/12/2019,442.75,75,4057.041667,3973.25
18/12/2019,3152.208333,39.5,4049.979167,3906.979167
19/12/2019,1069.458333,50.43,4008.291667,3809.395833
20/12/2019,758.75,90,3956.020833,3735.166667
21/12/2019,596.2916667,51.65,3656.083333,3499.604167
22/12/2019,1861.291667,51.02,3488.666667,3243.104167
23/12/2019,2145.541667,40.43,3918.229167,3432.416667
24/12/2019,1403.833333,60,3570.979167,3321.666667
25/12/2019,1343.375,50.33,3216,3100.125
26/12/2019,2983.958333,35.09,3172.583333,2943.8125
27/12/2019,2516.333333,39.47,3443.583333,3093.020833
28/12/2019,3443.416667,44.15,3320.166667,3058.604167
29/12/2019,3236.5,38.57,3280.604167,2977.708333
30/12/2019,735.0416667,46.64,3421.854167,3184.520833
31/12/2019,645.0833333,50.32,3498.375,3243.729167
01/01/2020,1387.916667,45.67,3411.5625,3040.5625
01/02/2020,3486.666667,44,3810.4375,3441.208333
01/03/2020,1741.5,53.18,3567.416667,3465.416667
01/04/2020,1495.375,43.36,3898.375,3260.083333
01/05/2020,2793.041667,43.47,3547.1875,3022.083333
01/06/2020,3236.375,41.44,2835.604167,2686.1875
01/07/2020,3806.5,46.21,3300.645833,3270.604167
01/08/2020,923.25,54.99,2915.1875,2894.9375
01/09/2020,804.9166667,69.18,3301.479167,3255.0625
01/10/2020,2689.333333,49.47,3417.5625,3498.645833
01/11/2020,3550.75,36.17,3121.854167,3294.916667
01/12/2020,1251.25,49.67,3881.979167,3825.416667
13/01/2020,3888.166667,45.02,4053.166667,3653.916667
14/01/2020,2869.375,43.12,4189.5,3756.541667
15/01/2020,3175.625,45.97,4165.916667,3797.729167
16/01/2020,3268.833333,40.44,4129.208333,3883.645833
17/01/2020,1714.166667,49.72,4119.25,3787.5
18/01/2020,305.0833333,45.98,3870.229167,3624.833333
19/01/2020,828.9166667,44.07,3686.770833,3507.916667
20/01/2020,1452.791667,48.4,4047.604167,3884.75
21/01/2020,707,75,4057.166667,3901.3125
22/01/2020,202.2916667,80.48,4089.208333,3835.541667
23/01/2020,434.5416667,75.25,4137.416667,3824.395833
24/01/2020,566.375,74.3,4099.375,3757.770833
25/01/2020,1867.833333,43.93,3795.291667,3514.875
26/01/2020,1968.916667,43.35,3623.6875,3353.604167
27/01/2020,2044.916667,43.21,4038.520833,3799.4375
28/01/2020,3104.041667,46.83,4115.625,3922.083333
29/01/2020,2192.416667,44.78,4141.604167,3905.145833
30/01/2020,2063.291667,48.63,4132.9375,3805.666667
31/01/2020,3297.083333,46,4102.104167,3710.333333
02/01/2020,2952.25,34.3,4090.375,3400.604167
02/02/2020,2632.416667,35,3596.625,3340.75
02/03/2020,3373.791667,34.82,4102.208333,3813.833333
02/04/2020,2406.208333,36.28,3920.729167,3249.583333
02/05/2020,1068.75,71.46,3277.666667,2856.083333
02/06/2020,1854.541667,46.19,3237.604167,2960.895833
02/07/2020,3203.375,35.93,3326.854167,3200.270833
02/08/2020,3470.625,32.24,2762.916667,2755.208333
02/09/2020,4124.875,26.48,3348.416667,3348.291667
02/10/2020,4357.458333,38.39,3419.083333,3446.8125
02/11/2020,4047.5,25.03,3623.645833,3554.375
02/12/2020,1775.416667,55.39,3874.979167,3819.125
13/02/2020,1537.416667,37.55,4114.75,3932.645833
14/02/2020,3127.041667,27,4069.229167,3816.604167
15/02/2020,4055.875,26,3740.979167,3593.041667
16/02/2020,4196.333333,20.19,3691.666667,3446.833333
17/02/2020,3919.333333,39.04,3958.020833,3832.041667
18/02/2020,3434.291667,39.39,4038.25,3900.520833
19/02/2020,2971.375,46.1,4081.5,3906.166667
20/02/2020,3315.375,38.26,4061.770833,3833.125
21/02/2020,4365.833333,38.49,4076.479167,3864.104167
22/02/2020,4088.666667,37.8,3772.75,3525.291667
23/02/2020,1801.833333,39,3511.8125,3426.166667
24/02/2020,3877.5,41.61,4058.520833,3721.458333
25/02/2020,3261.25,39.08,4195.1875,3873.875
26/02/2020,2447.291667,38.68,4185.979167,3916.833333
27/02/2020,1572.333333,44.76,4091.458333,3843.3125
28/02/2020,1665.75,43.06,3945.520833,3789.1875
29/02/2020,3796.083333,35,3771.875,3604.333333
03/01/2020,3900.791667,30.8,4082.104167,3517.791667
03/02/2020,2756.041667,38.94,4100.854167,3744.375
03/03/2020,1043.125,39.13,4157.3125,3836.25
03/04/2020,2091.5,55.35,3857.208333,3183.6875
03/05/2020,1034.125,79.06,3209.833333,2754.145833
03/06/2020,1597.375,37.27,3299.166667,2993.8125
03/07/2020,3012.416667,25,3289.25,3208.8125
03/08/2020,3501.916667,30,2780.625,2792.395833
03/09/2020,3345.916667,40.83,3365.833333,3296.9375
03/10/2020,3234.541667,30.18,3150.75,3198.8125
03/11/2020,3224.25,32.95,3685.541667,3661.73913
03/12/2020,3882.416667,31.02,3853.541667,3943.354167
13/03/2020,1065.583333,52.98,3817.895833,3768.5625
14/03/2020,2363.416667,45.13,3607.1875,3496.020833
15/03/2020,2932.458333,41.29,3466.833333,3269.041667
16/03/2020,2332.291667,32.25,3801.520833,3589.416667
17/03/2020,1802.958333,34.68,3607.916667,3362.895833
18/03/2020,873.5416667,36.67,4041.354167,3592.6875
19/03/2020,787.9166667,49.9,4048.583333,3596
20/03/2020,1127.666667,36.2,3952.5,3587
21/03/2020,2293.375,25.11,3599.0625,3364.895833
22/03/2020,1304,39.27,3536.416667,3202.479167
23/03/2020,2417.5,33.07,3849.791667,3495.833333
24/03/2020,2809.125,27.13,3908.791667,3499.4375
25/03/2020,1137.083333,40.76,3901.583333,3451.104167
26/03/2020,511.0833333,37.66,3924.354167,3426.520833
27/03/2020,897.875,35.5,3801.8125,3406.934783
28/03/2020,2316.041667,22.56,3543.104167,3100.020833
29/03/2020,2187.086957,17.88,3439,3049.26087
30/03/2020,1645.541667,32.66,3716.804348,3288.479167
31/03/2020,766.9166667,30.39,3833.25,3279.666667
04/01/2020,830.6666667,31.5,3796.5625,3285.125
04/02/2020,1793.958333,25,4135.833333,3836.875
04/03/2020,515.4166667,34.38,4107.8125,3832.354167
04/04/2020,2369.291667,29.64,3515.1875,3022
04/05/2020,3929.166667,-5.18,3133.166667,2742
04/06/2020,2187.916667,21.09,3328.645833,3029.854167
04/07/2020,1139.708333,31.4,3001.75,2990.8125
04/08/2020,417.8333333,40.97,3140.8125,3082.479167
04/09/2020,408.7916667,34,3317.25,3248.083333
04/10/2020,514.3333333,37.62,2967.541667,3256.5
04/11/2020,382.7916667,38.37,3739.458333,3885.45
04/12/2020,1070.75,43.13,3876.583333,4001.916667
13/04/2020,2990.5,17.2,3338.208333,2792.354167
14/04/2020,672.8333333,37.47,3689.708333,3031.104167
15/04/2020,442.5833333,33.78,3700.625,3055.916667
16/04/2020,989.625,31.22,3691.604167,3042.854167
17/04/2020,1300.083333,31.17,3678.0625,2976.041667
18/04/2020,1260.125,32.8,3321.958333,2870.583333
19/04/2020,937.5416667,29,3302.354167,2817.041667
20/04/2020,1335.166667,23.38,3613.3125,2934.583333
21/04/2020,1404.625,22,3715.958333,2986.270833
22/04/2020,687.9166667,26.96,3726.0625,3022.25
23/04/2020,329.75,29.99,3735.75,3032.895833
24/04/2020,267.7916667,32.62,3671.854167,3020.291667
25/04/2020,223.0833333,33.68,3360.5,2829.021739
26/04/2020,427.0416667,31.37,3175.25,2808.333333
27/04/2020,506.6666667,30.09,3613.3125,2994.25
28/04/2020,283.625,30.23,3625.75,3051.354167
29/04/2020,1285.958333,24.65,3607.729167,3066.916667
30/04/2020,709.875,28.23,3621.208333,3071.75
05/01/2020,855.0833333,30.95,3608.375,3169.708333
05/02/2020,539.7083333,32.7,4177.6875,3821.791667
05/03/2020,616.375,32,4079.916667,3819.6875
05/04/2020,1445.375,34.06,3357.104167,3006.3125
05/05/2020,2872.625,17.17,3503.020833,2946.854167
05/06/2020,1844.083333,26.76,3280.645833,2992.729167
05/07/2020,1103.791667,29,2810.416667,2802.8125
05/08/2020,249.4166667,36.03,3180.75,3212.458333
05/09/2020,254.25,39.84,3070.833333,3041.708333
05/10/2020,2485.458333,11.57,3455.958333,3475.375
05/11/2020,1709.708333,20.71,3712.145833,3729.5625
05/12/2020,698.875,32.39,3620.083333,3674.583333
13/05/2020,748.4166667,29.61,3480.479167,3047.958333
14/05/2020,516.125,30.42,3504.979167,3059.8125
15/05/2020,483.125,32.17,3484.770833,3042.770833
16/05/2020,706.25,28.87,3187.25,2829.1875
17/05/2020,1670.666667,25.83,3052.479167,2748.395833
18/05/2020,1489.291667,23.13,3449.583333,3005.020833
19/05/2020,973.4583333,30.61,3536.0625,3049.625
20/05/2020,1216.875,23.48,3543.708333,3033.916667
21/05/2020,676.375,32.87,3531.708333,3053.041667
22/05/2020,4074,11.74,3484.625,2962.208333
23/05/2020,3881.875,-1.03,3200.291667,2767.875
24/05/2020,1546.041667,11.4,3064.041667,2701.4375
25/05/2020,1684.625,20,3451.520833,2966.083333
26/05/2020,288,32.85,3511.145833,3079.520833
27/05/2020,202.3333333,34.27,3507.416667,3089.083333
28/05/2020,1600.458333,28.73,3523.9375,3076.304348
29/05/2020,2803.916667,21.17,3450.5,2971.354167
30/05/2020,1358.541667,27.42,3150.916667,2742.104167
31/05/2020,703.5833333,27.46,3043.104167,2639.9375
06/01/2020,393.1666667,31.68,4124.145833,3531.875
06/02/2020,484.1666667,27.92,4144.333333,3822.5625
06/03/2020,2178.291667,25,4016.645833,3765.0625
06/04/2020,1430.875,31.22,3768.6875,3134.291667
06/05/2020,1903.416667,27.7,3580.229167,2996.375
06/06/2020,3195.208333,2.38,3000.25,2876.395833
06/07/2020,1756.583333,24.38,3227.166667,3099
06/08/2020,468.4583333,36.94,3219.104167,3152.291667
06/09/2020,338.2083333,38.05,2927.020833,2956.770833
06/10/2020,1015.791667,35.46,3523.645833,3525.354167
06/11/2020,2323.333333,27,3716.270833,3595.791667
06/12/2020,1781.208333,25.66,3376.75,3651.9375
13/06/2020,775.2916667,35,2972.75,2903.729167
14/06/2020,412.4583333,38,2854.5,2792.5
15/06/2020,159.8333333,34.87,3241.416667,3068.145833
16/06/2020,287.1666667,38.87,3289.895833,3137.916667
17/06/2020,575.25,38.41,3304.5,3137.547619
18/06/2020,282.5,38.66,3265.25,3151.043478
19/06/2020,547.2916667,33.55,3260.895833,3098.645833
20/06/2020,2418.625,17.4,2958.145833,2870.729167
21/06/2020,2354.125,16.64,2835.75,2725.5625
22/06/2020,2556.333333,29,3235.270833,3093.645833
23/06/2020,1727.458333,31.04,3315.625,3199.5625
24/06/2020,351.5416667,38.7,3334.770833,3200.333333
25/06/2020,463.4166667,37.75,3311.354167,3202.291667
26/06/2020,513.375,37.92,3266.583333,3134.604167
27/06/2020,568.75,32.21,2965.9375,2873.270833
28/06/2020,3290.208333,10.93,2808.895833,2726.770833
29/06/2020,3171,19.14,3206.395833,3106.229167
30/06/2020,540.625,39.22,3273.479167,3228.875
07/01/2020,508.0416667,39.83,4196.625,3606.145833
07/02/2020,651.2916667,40.52,4132.25,3857.145833
07/03/2020,2171.875,27.35,3688.604167,3517.0625
07/04/2020,1685.5,40.12,3872.416667,3097.895833
07/05/2020,3644.208333,-0.01,3559.3125,3003.416667
07/06/2020,1794.458333,30.66,2819.875,2774.0625
07/07/2020,1814.291667,33.46,3285.229167,3259.708333
07/08/2020,691.2916667,44.73,3213.979167,3156.229167
07/09/2020,1148.083333,42.79,3290.520833,3227.583333
07/10/2020,1120.875,34.04,3494.583333,3555.729167
07/11/2020,310.9583333,29.72,3432.354167,3363.895833
07/12/2020,449.5833333,27,3929.666667,4069.708333
13/07/2020,1194.208333,32.1,3204.125,3149.3125
14/07/2020,1263.375,34,3256.416667,3222.333333
15/07/2020,1308.666667,36.83,3289.145833,3222.979167
16/07/2020,993.3333333,39.49,3236.291667,3223.625
17/07/2020,1102.375,38.42,3224.791667,3204.083333
18/07/2020,797.5416667,31.19,2962.041667,2940.833333
19/07/2020,522.4583333,34.44,2819.416667,2783.666667
20/07/2020,394.125,60.12,3214.375,3101.333333
21/07/2020,213.25,44.9,3236.458333,3151.833333
22/07/2020,980.2083333,34,3223.083333,3141.5
23/07/2020,687.875,34.58,3240.375,3180.8125
24/07/2020,574,39.92,3184.270833,3163.125
25/07/2020,786.7083333,37.08,2891.270833,2909.1875
26/07/2020,1054.875,28.03,2846.666667,2786.145833
27/07/2020,724.8333333,41.31,3094.5625,3071.520833
28/07/2020,950.7083333,28.34,3178.020833,3120.395833
29/07/2020,478.375,38.09,3204.770833,3154.916667
30/07/2020,2165.291667,33.13,3225.541667,3151.666667
31/07/2020,1698.791667,31.03,3199.104167,3134.978261
08/01/2020,993.2916667,40.82,4215.416667,3628
08/02/2020,925.0833333,29.58,3854.604167,3549.375
08/03/2020,525.25,39.26,3616.979167,3321.583333
08/04/2020,2479.583333,29.96,3865.333333,3121.875
08/05/2020,1704.791667,33.2,3577.541667,2996.333333
08/06/2020,904.8333333,40.08,3220.583333,3027.458333
08/07/2020,1123.541667,36.29,3300.645833,3268.9375
08/08/2020,213.625,41.39,2976.583333,2951.875
08/09/2020,280.4166667,40.82,3370,3300.0625
08/10/2020,455.7083333,41.85,3469.229167,3497.4375
08/11/2020,397.9583333,46.73,3213.770833,3260.458333
08/12/2020,653.8333333,49.58,4013.604167,4143.456522
13/08/2020,988.6666667,42.24,3244.791667,3273.395833
14/08/2020,335.875,48.55,3224.5,3266.083333
15/08/2020,222.5416667,44.2,2986.9375,3023.583333
16/08/2020,299.0416667,41.82,2841.479167,2917.875
17/08/2020,306.7916667,52.19,3276.145833,3264.270833
18/08/2020,427.25,44.39,3348.25,3289
19/08/2020,1300.875,51.11,3318.708333,3315.895833
20/08/2020,1963.75,28.01,3308.354167,3197.208333
21/08/2020,2508.458333,37,3257.8125,3223.958333
22/08/2020,2353.916667,36.17,3016.333333,2974.541667
23/08/2020,1122.625,42.32,2869.75,2868.729167
24/08/2020,373.375,64.13,3271.416667,3207.25
25/08/2020,3060.666667,32.98,3328.416667,3323.416667
26/08/2020,1125.083333,46.45,3329.520833,3257.25
27/08/2020,279.4166667,66.9,3341.729167,3318.1875
28/08/2020,1756.375,39.23,3293.895833,3198.5
29/08/2020,1259.958333,33.93,3041.416667,2963.895833
30/08/2020,277.0416667,48.07,2882.583333,2912.75
31/08/2020,906.375,55,3239.270833,3168.145833
09/01/2020,962.875,54.96,4223.125,3776.9375
09/02/2020,2491.333333,44.32,3613,3429.8125
09/03/2020,2088.208333,43.55,3923.291667,3783.270833
09/04/2020,1673.375,49.24,3859.375,3084.958333
09/05/2020,1480.958333,41.12,3235.854167,2794.791667
09/06/2020,570.0833333,46.81,3271.375,3099.108696
09/07/2020,1575.208333,44.98,3283.041667,3195.375
09/08/2020,1443.666667,50.1,2750.104167,2837.020833
09/09/2020,1113.291667,44.97,3353.708333,3276.166667
09/10/2020,905.25,54.24,3481.375,3480
09/11/2020,1952.708333,31.18,3678.6875,3527.5
09/12/2020,1546.416667,40.11,3965.375,4123.458333
13/09/2020,2602.541667,25,2924.875,2963.6875
14/09/2020,1194.25,48.61,3304.708333,3254.833333
15/09/2020,736.9583333,64.79,3354.5,3327.8125
16/09/2020,120.125,64.96,3385.729167,3362
17/09/2020,360.7083333,52.29,3399.666667,3299.166667
18/09/2020,690.2083333,50.48,3368.8125,3241.5
19/09/2020,1070.625,41.47,3155.104167,3019.895833
20/09/2020,558.125,50.04,2948.604167,2961.229167
21/09/2020,349.1666667,75,3348.291667,3253.666667
22/09/2020,1359.125,37.19,3443.354167,3313.6875
23/09/2020,688.125,61,3493.979167,3331.125
24/09/2020,2674.333333,46.11,3431.416667,3410.5625
25/09/2020,2366.625,39.44,3380.145833,3398.541667
26/09/2020,433.0833333,45.96,3128.6875,3161.291667
27/09/2020,608.5,52.66,2979.083333,3072.583333
28/09/2020,1168.708333,49.64,3331.541667,3352.583333
29/09/2020,847.5416667,76.54,3404.416667,3417.791667
30/09/2020,1721.166667,52.31,3422.145833,3467.5
10/01/2020,483.1666667,100,4193.3125,3698.166667
10/02/2020,1903.958333,54.51,4123.3125,3893.3125
10/03/2020,869.375,62.93,3992.208333,3753.416667
10/04/2020,3125.416667,25,3689.291667,3024.916667
10/05/2020,2155.166667,53.82,3076.770833,2736.041667
10/06/2020,2520.125,55.39,3279.8125,3127.979167
10/07/2020,866.7916667,103.57,3243,3140.979167
10/08/2020,617,58.54,3215.479167,3173.916667
10/09/2020,1859.583333,50.29,3355.375,3443.041667
10/10/2020,1762.666667,51.88,3178.166667,3242.854167
10/11/2020,546.7916667,80.94,3753.958333,3608.479167
10/12/2020,2006.125,52.85,4026.520833,4005.791667
13/10/2020,1641.625,53.83,3389.75,3503.229167
14/10/2020,958.625,55,3494.020833,3523.229167
15/10/2020,449.6666667,140,3551.354167,3532.041667
16/10/2020,923.7916667,72.55,3519.083333,3380.444444
17/10/2020,836.8333333,61.53,3258.729167,2932.5
18/10/2020,1016.458333,56.54,3037.770833,2884.5
19/10/2020,2619.875,52.15,3487.229167,2691
20/10/2020,3338.458333,43.29,3567.958333,3626.5
21/10/2020,1342.833333,69.01,3593.958333,3523.108696
22/10/2020,976.8333333,87,3600.4375,3570.020833
23/10/2020,2109.666667,59.46,3538.25,3477.229167
24/10/2020,3556.583333,49,3297.125,3298
25/10/2020,3114.52,44.945,3031.5,3163.76087
26/10/2020,2838.458333,40.89,3185.108696,3188
27/10/2020,2904.791667,54.71,3549.604167,3466.979167
28/10/2020,3807.708333,43.25,3597.875,3608.604167
29/10/2020,3544.875,44.17,3632.0625,3662.208333
30/10/2020,1217.291667,68.22,3626.479167,3531.083333
31/10/2020,2973,17.46,3311.520833,3323.708333
11/01/2020,3025.416667,20.87,3849.958333,3371.895833
11/02/2020,3682.125,51.23,4175.0625,4036.541667
11/03/2020,1933.25,44.37,4023.6875,3777.916667
11/04/2020,570.4166667,60,3483.416667,2874.666667
11/05/2020,359.7083333,51.29,3492.916667,2955
11/06/2020,741.1666667,52.08,3285.520833,3162.3125
11/07/2020,823.75,54.16,2975.625,2925.3125
11/08/2020,1559.041667,46.68,3270.916667,3247.125
11/09/2020,1138,49.96,3325.375,3261.104167
11/10/2020,1436.416667,54.94,3050.75,3144.208333
11/11/2020,3222.291667,33.21,3757.4375,3694
11/12/2020,2803.083333,44.98,3955.770833,3893.625
13/11/2020,2862,43.92,3714.458333,3610.583333
14/11/2020,2895.791667,53.55,3445.458333,3428.625
15/11/2020,3013.541667,63.04,3253,3293.854167
16/11/2020,2923.833333,46,3649.729167,3639.416667
17/11/2020,3748.541667,44.66,3725.729167,3632.020833
18/11/2020,3168.125,44.61,3794.5625,3660.229167
19/11/2020,2135,65,3779.0625,3735.395833
20/11/2020,3517.291667,45.24,3777.083333,3703.854167
21/11/2020,2375.666667,52.29,3477.9375,3415.895833
22/11/2020,665.2083333,51.91,3271.625,3320.73913
23/11/2020,2178.916667,47.04,3753.395833,3714.041667
24/11/2020,2075.083333,46.14,3857.375,3741.916667
25/11/2020,761.125,55.08,3869.166667,3743.229167
26/11/2020,297.4583333,63.5,3840.3125,3772.086957
27/11/2020,444.0833333,76.55,3829.520833,3750.979167
28/11/2020,617.875,54.45,3504.083333,3583.545455
29/11/2020,150.4583333,58.75,3352.5,3425.270833
30/11/2020,1184.416667,55.06,3767.166667,3751.916667
12/01/2020,465.875,65.33,3640.208333,3254.875
12/02/2020,2110.916667,65.91,4123.541667,3964.270833
12/03/2020,1836.458333,68.02,3961.770833,3855.083333
12/04/2020,2331.958333,59.27,3289,2850.291667
12/05/2020,3373.125,52.25,3504.041667,3062.145833
12/06/2020,391.375,59.08,3241.6875,3126.770833
12/07/2020,388.5833333,104.13,2830.625,2800.729167
12/08/2020,1743.833333,78.23,3290.520833,3271.6875
12/09/2020,1339.375,94.19,3114.3125,3011.833333
12/10/2020,1528.833333,90.59,3455.958333,3398.916667
12/11/2020,1439.708333,73.76,3729,3662.375
12/12/2020,1567.875,63.68,3687.208333,3650.195652
13/12/2020,3088.333333,57.75,3476.666667,3646.152174
14/12/2020,2982.833333,52.74,3987.416667,3850.541667
15/12/2020,1888.625,60.01,3950.0625,3878.934783
16/12/2020,1820.666667,53.87,3944.041667,3926.208333
17/12/2020,2434.416667,61.08,3889.083333,3884.395833
18/12/2020,2891.208333,56.09,3764.520833,3774.645833
19/12/2020,3368.958333,55.2,3495.770833,3567
20/12/2020,2409.166667,55,3533.520833,3456.625
21/12/2020,1348.833333,65.52,3378.979167,3803.041667
22/12/2020,459,97.71,3207.770833,3869.869565
23/12/2020,2428.708333,61.32,3291.145833,3797.913043
24/12/2020,1706.166667,59.38,3381.3125,3582.083333
25/12/2020,379,74.78,3133.208333,3340.1875
26/12/2020,4076.913043,57.35,3079.958333,3119.520833
27/12/2020,3399.166667,64.19,3378.708333,3254.270833
28/12/2020,3357.75,44,3472.833333,3429.869565
29/12/2020,3006.25,50.51,3388.583333,3529.416667
30/12/2020,802.4166667,73.09,3310.354167,3584.604167
31/12/2020,1693.208333,69.55,3367.729167,3603.75
01/01/2021,1478.958333,55.02,3295.4375,3341.520833
01/02/2021,585.2083333,81.36,3983.166667,3828.166667
01/03/2021,1198.666667,65.76,3951.916667,3666.270833
01/04/2021,1274.708333,73,3897.333333,3529.979167
01/05/2021,1158.25,79,3357.8125,3258.666667
01/06/2021,364.9583333,134.63,3477.9375,3393.791667
01/07/2021,1043,103,3545.854167,3417.354167
01/08/2021,1781.5,81.54,2995.270833,2914.458333
01/09/2021,623.5416667,73.72,3613.5625,3458.270833
01/10/2021,1343,74.93,3744.395833,3487.6875
01/11/2021,2959.166667,62,3852.695652,3721.291667
01/12/2021,1182.875,82.31,4222.354167,4076.195652
13/01/2021,1838.125,90,4031.708333,3751.458333
14/01/2021,1091.75,83.56,3976.395833,3719.145833
15/01/2021,2054.583333,93.26,3926.875,3861.229167
16/01/2021,2540.458333,65,3713.791667,3517.8125
17/01/2021,951.125,67.58,3550.645833,3473.75
18/01/2021,1046.083333,76.07,3893.729167,3791.75
19/01/2021,1897.666667,66.56,3901.395833,3815.541667
20/01/2021,737.625,90,3916.5625,3842.208333
21/01/2021,1901.166667,72.48,3960.895833,3861.9375
22/01/2021,886.625,88.52,3933.291667,3877.8125
23/01/2021,753.7916667,87,3632.916667,3651.5625
24/01/2021,1809.5,76.03,3473.458333,3618.0625
25/01/2021,1302.5,83.34,3888.5625,3988.979167
26/01/2021,1303.25,76.19,3971.5625,3922.9375
27/01/2021,1365.458333,87.41,3997.270833,3819.875
28/01/2021,2200.083333,68.64,3986.625,3770.5
29/01/2021,1686.958333,79.13,3946.395833,3741.958333
30/01/2021,3317,57.62,3653.125,3609.645833
31/01/2021,2573.25,59.18,3473.208333,3555.208333
02/01/2021,1621.875,92.14,3619.041667,3403.854167
02/02/2021,2490.75,64.91,3975.4375,3861.8125
02/03/2021,1627.291667,72.43,3996.041667,3809.708333
02/04/2021,1817.875,74.51,3659.145833,3417.0625
02/05/2021,1320.958333,78.09,3183.270833,3118.729167
02/06/2021,1367.25,70.14,3505.625,3441.6875
02/07/2021,2421.333333,55.44,3517.145833,3399.166667
02/08/2021,2683.333333,63.16,3039.479167,2993.958333
02/09/2021,3082.291667,74.06,3644.375,3461.386364
02/10/2021,1324.083333,92.04,3461.416667,3252.369565
02/11/2021,4181.416667,59.95,3966.416667,3834.333333
02/12/2021,4503.791667,54.5,4272.8125,4140.25
13/02/2021,4536.041667,60,3571.270833,3883.020833
14/02/2021,4078.5,45.78,3548.666667,3576.6875
15/02/2021,2852.208333,68.51,3819.145833,3742.395833
16/02/2021,3275.708333,70.21,3893.666667,3752
17/02/2021,2718.75,56.28,3940.395833,3792.041667
18/02/2021,1772.875,62,3932.416667,3793.583333
19/02/2021,3972.541667,51.32,3943.145833,3830.541667
20/02/2021,1958.541667,55.12,3632.166667,3504.1875
21/02/2021,2110.083333,60.68,3411.6875,3359.125
22/02/2021,1461.625,84,3939.5,3674.4375
23/02/2021,4447.458333,56,4034.083333,3837.25
24/02/2021,2795.291667,58.29,4034.083333,3724.5625
25/02/2021,1462.375,67.3,3953.625,3698.541667
26/02/2021,1760.916667,67.8,3807.645833,3656.145833
27/02/2021,454.125,89.68,3624.0625,3414.229167
28/02/2021,537.2083333,78.71,3423.458333,3327.125
03/01/2021,1523.708333,87.84,3471.145833,3440.875
03/02/2021,953.25,99,4032,3843.770833
03/03/2021,338.6666667,146.59,3959.104167,3860.666667
03/04/2021,381.4166667,118.87,3511.125,3252.145833
03/05/2021,1139.708333,80.61,3212.75,3205.9375
03/06/2021,924.5416667,82,3516.479167,3401.304348
03/07/2021,541.0416667,89,3222.708333,3123.166667
03/08/2021,1019.375,93.91,3386.1875,3257.5625
03/09/2021,2669.625,64.84,3598,3459.75
03/10/2021,3135.125,70.07,3358.895833,3161.25
03/11/2021,4565.041667,65.5,4047.104167,3830.227273
03/12/2021,3667.708333,65.1,4243.645833,4013.413043
13/03/2021,3899.208333,65,3475.208333,3536.458333
14/03/2021,2990.666667,65,3338.166667,3410.875
15/03/2021,989.4583333,85.89,3812.083333,3650.333333
16/03/2021,544.4166667,89,3867.604167,3593.520833
17/03/2021,226.9166667,80.1,4008.6875,3381.770833
18/03/2021,933.0833333,79,3935.1875,3537.104167
19/03/2021,711.5416667,98,3929.4375,3540.9375
20/03/2021,120.875,85.39,3641.708333,3369.0625
21/03/2021,158.5,81.1,3456.1875,3287.916667
22/03/2021,1027.583333,74.58,3866.854167,3576.083333
23/03/2021,2628.125,49.18,3933.916667,3653.25
24/03/2021,1654.125,59.17,3920.958333,3635.75
25/03/2021,3139.125,61.77,3895.8125,3669.729167
26/03/2021,3316.458333,59,3792.125,3683.833333
27/03/2021,3584.75,65,3528.958333,3491.979167
28/03/2021,4312.73913,30.52,3390.5,3328.521739
29/03/2021,3822.125,54.31,3710.217391,3557.520833
30/03/2021,1183.583333,63.59,3839.041667,3529.791667
31/03/2021,356,90.87,3900.666667,3543.791667
04/01/2021,1908.833333,67.57,3953.625,3830.958333
04/02/2021,1113.583333,75.32,3992.416667,3819.458333
04/03/2021,326.375,84.54,3946.75,3891.229167
04/04/2021,1660.833333,76.7,3240.6875,3162.833333
04/05/2021,2475.958333,45,3552.791667,3476.020833
04/06/2021,1283.25,75.5,3469.5625,3334.125
04/07/2021,793.375,119.48,3046.354167,3040.375
04/08/2021,2093.125,65.13,3448.166667,3315.395833
04/09/2021,824.1666667,143,3337.229167,3229.304348
04/10/2021,1178.291667,98.51,3750.583333,3537.1875
04/11/2021,716.0833333,88.68,4041.833333,3946.043478
04/12/2021,735.25,145.4,3940.375,3797.166667
13/04/2021,209.2916667,181.1,3763.145833,3653.3125
14/04/2021,580,129,3748.541667,3571.333333
15/04/2021,1013.875,97.6,3686.645833,3546.75
16/04/2021,1223.166667,80.54,3608.645833,3514.395833
17/04/2021,2399.083333,74.15,3476.770833,3259
18/04/2021,1772,87.38,3232.979167,3216.020833
19/04/2021,949.0833333,81,3522.125,3510.020833
20/04/2021,426.125,115.7,3633.145833,3597.020833
21/04/2021,1097.166667,89,3653.041667,3502.729167
22/04/2021,1589.208333,79.04,3662.25,3488.541667
23/04/2021,2178.458333,74.86,3624.666667,3460.416667
24/04/2021,1852.583333,80.44,3353.75,3181.6875
25/04/2021,1593.666667,79.76,3239.770833,3118.020833
26/04/2021,557.6666667,138.84,3549.291667,3406.958333
27/04/2021,1520.875,80.48,3683.3125,3458.145833
28/04/2021,1561.541667,79.25,3663.833333,3489.416667
29/04/2021,451.6666667,192,3669.375,3520.5
30/04/2021,304.7916667,196,3615.854167,3507.083333
05/01/2021,182.5833333,199,4003.1875,3942.395833
05/02/2021,409.0833333,194.99,3977.041667,3789.708333
05/03/2021,768,42.33,3911.479167,3811.75
05/04/2021,919.2391305,77.25,3278.979167,3185.770833
05/05/2021,1070.478261,112.72,3619.041667,3549.791667
05/06/2021,723.7083333,110.74,3207,3107.416667
05/07/2021,686.75,175,3464.520833,3304.416667
05/08/2021,2755.791667,80.1,3462.770833,3354
05/09/2021,3413.541667,51,3208.291667,3137.416667
05/10/2021,1565.75,100.86,3804.854167,3575.5625
05/11/2021,1717.666667,83.75,3990.833333,3848.708333
05/12/2021,608.875,235,3777.6875,3682.666667
13/05/2021,441.125,219.04,3540.416667,3447.729167
14/05/2021,376.375,239.22,3525.1875,3412.145833
15/05/2021,764.625,128.52,3231.1875,3191.270833
16/05/2021,562.1666667,148.9,3118.229167,3098
17/05/2021,1186,149,3490.333333,3406.541667
18/05/2021,528.6666667,170.7,3565.895833,3477.458333
19/05/2021,830.5833333,148,3567.6875,3464.5625
20/05/2021,3230.208333,70.92,3581.5625,3590.645833
21/05/2021,3290.291667,85.89,3526.3125,3526.895833
22/05/2021,1030.958333,111,3235.4375,3220.5
23/05/2021,1759.708333,104,3098.8125,3151.041667
24/05/2021,1959.666667,96.76,3475.291667,3405.5625
25/05/2021,1491.291667,95,3548.291667,3487.875
26/05/2021,253.2916667,161,3548.291667,3452.5
27/05/2021,969.6666667,89.57,3562.645833,3444.625
28/05/2021,390.375,163,3480.5,3487.166667
29/05/2021,196.625,141.36,3193.791667,3160.4375
30/05/2021,628.9166667,98.75,3026.458333,2984.875
31/05/2021,1448.166667,91.21,3468.729167,3287.125
06/01/2021,571.625,151,4047.9375,4004.979167
06/02/2021,905.3333333,101.31,3682.708333,3539
06/03/2021,2337.166667,85.14,3601.125,3530.020833
06/04/2021,1854.208333,91,3692.895833,3582.416667
06/05/2021,623.7916667,97.56,3605.229167,3524.479167
06/06/2021,186.25,101.05,3071.166667,2963.375
06/07/2021,931.125,94.21,3542.458333,3428.708333
06/08/2021,1732.416667,83.54,3454.291667,3326.0625
06/09/2021,2092.916667,86,3589.8125,3439.75
06/10/2021,2500.5,90,3815.1875,3678.875
06/11/2021,1543,83.11,3694.875,3558.804348
06/12/2021,536.7083333,110,4263.791667,4022.217391
13/06/2021,627.375,98.28,3071.208333,3034.958333
14/06/2021,1004.125,88.47,3457.895833,3280.833333
15/06/2021,1807.5,92.07,3526,3353.041667
16/06/2021,1046.083333,93.01,3540.3125,3352.708333
17/06/2021,993.1666667,118.58,3509.770833,3323.354167
18/06/2021,329.5,155,3460,3332.8125
19/06/2021,599.7916667,113.49,3182.1875,3071.958333
20/06/2021,818.1666667,106,3051.333333,2987.0625
21/06/2021,2300.5,95.68,3472.958333,3230.9375
22/06/2021,662.875,134.79,3551.520833,3370.729167
23/06/2021,375,147.44,3558.583333,3435.041667
24/06/2021,629.3333333,120.67,3549.520833,3430.0625
25/06/2021,1407.375,96.87,3502.479167,3356.916667
26/06/2021,1324.833333,112.3,3198.4375,3096.6875
27/06/2021,996.5833333,108,3042.104167,2980.8125
28/06/2021,665.5,126.71,3446.104167,3284.666667
29/06/2021,695.75,131.04,3551.291667,3386.25
30/06/2021,311.8333333,151,3566.395833,3409.458333
07/01/2021,197.25,192.97,4067.666667,4010.229167
07/02/2021,297.2916667,186.92,3451.75,3582.041667
07/03/2021,882.4166667,131.47,3498.875,3439.895833
07/04/2021,553.2916667,135,3692.895833,3689.354167
07/05/2021,352.25,140,3598.291667,3519.854167
07/06/2021,978.6666667,131.88,3088,2985.5625
07/07/2021,890.75,129.31,3552.5625,3411.854167
07/08/2021,219.875,180.02,3217.8125,3111.3125
07/09/2021,327.5416667,151.3,3665.479167,3501.041667
07/10/2021,297.75,149.97,3803.125,3667.208333
07/11/2021,382.9166667,130.64,3561.083333,3439.282609
07/12/2021,560.0833333,156.89,4313.854167,4122.391304
13/07/2021,398.2916667,170.58,3525.395833,3433.666667
14/07/2021,405.1666667,220,3525.208333,3422.020833
15/07/2021,381.5833333,261,3507.979167,3461.136364
16/07/2021,240.1666667,273.44,3504.8125,3437.5
17/07/2021,263.4583333,273.54,3203.25,3182.25
18/07/2021,277.75,161.77,3071.041667,3036.208333
19/07/2021,549.2916667,263.83,3490.270833,3378.208333
20/07/2021,477.875,273.3,3515.854167,3446.791667
21/07/2021,573.25,219.97,3497.229167,3448.166667
22/07/2021,769.3333333,200.91,3523.166667,3456.229167
23/07/2021,887.7916667,209.89,3447.145833,3416.354167
24/07/2021,528.375,179.89,3146.541667,3095.291667
25/07/2021,386.7083333,155.02,3017.375,2992.645833
26/07/2021,539.5833333,180.01,3375.354167,3293.041667
27/07/2021,544.4166667,164.71,3437.291667,3322.854167
28/07/2021,1399.625,153.96,3449.6875,3242.041667
29/07/2021,1935.041667,140.34,3471.8125,3294.541667
30/07/2021,935.0416667,161.38,3440.125,3314.229167
31/07/2021,552.7916667,149,3152.770833,3096.3125
08/01/2021,818.875,133.79,4075.833333,3996.791667
08/02/2021,312.6666667,173.31,3966.3125,4030.1875
08/03/2021,284.125,200,3772.125,3691.333333
08/04/2021,366.25,200.28,3692.895833,3638.895833
08/05/2021,1925.291667,135.13,3289.791667,3263.6875
08/06/2021,1970.583333,137.2,3496.5625,3329.020833
08/07/2021,2252.875,135,3531.791667,3442.020833
08/08/2021,1802.583333,126.5,3074.25,2929.625
08/09/2021,756.5416667,146.26,3657.4375,3559.625
08/10/2021,398.4166667,169,3781.583333,3581.541667
08/11/2021,1111.25,132,4013.895833,3721.045455
08/12/2021,3000.208333,105.69,4303.104167,4196.652174
13/08/2021,2070.708333,114,3520.3125,3309.125
14/08/2021,645.0416667,137.1,3229.979167,3146.041667
15/08/2021,620.625,141.76,3116,3028.979167
16/08/2021,1555.333333,127.08,3522.729167,3310.541667
17/08/2021,1531.541667,117.64,3600.854167,3408.958333
18/08/2021,717.875,155,3616.375,3421.0625
19/08/2021,418.9166667,176.9,3595.291667,3459.375
20/08/2021,1099.125,144.68,3553.020833,3439.395833
21/08/2021,447.3333333,137.4,3282.583333,3195.145833
22/08/2021,259.3333333,148.72,3146.6875,3065.130435
23/08/2021,145.625,175,3530.708333,3390
24/08/2021,370.9166667,153.19,3619.333333,3433.395833
25/08/2021,541,160.44,3582.583333,3429.583333
26/08/2021,249.9166667,175.67,3604.020833,3462.708333
27/08/2021,322.3333333,171.87,3552.125,3420.375
28/08/2021,239.2083333,162,3268.6875,3160.791667
29/08/2021,387,154.13,3150.666667,3061.6875
30/08/2021,607.7083333,151.77,3512.041667,3372.083333
31/08/2021,781,158,3587.958333,3418.354167
09/01/2021,818.4583333,172.9,3710.125,3760.25
09/02/2021,595.6666667,186.94,4021.895833,4156.854167
09/03/2021,391.0833333,235,3833.916667,3813.869565
09/04/2021,553.1666667,193.13,3692.895833,3610.291667
09/05/2021,476.5833333,172.6,3143.0625,3167.333333
09/06/2021,323.0833333,260.27,3516.8125,3424.4375
09/07/2021,653.1666667,235,3486.9375,3403
09/08/2021,859.875,184,3445.729167,3269.6875
09/09/2021,242.2083333,323.3,3667.229167,3584.833333
09/10/2021,709.3333333,269.12,3488.25,3338.458333
09/11/2021,568.875,199.87,4083.4375,3739.108696
09/12/2021,414,186.31,4293.020833,4233.761905
13/09/2021,363.4782609,237.78,2735.5,3925.291667
14/09/2021,312.9565217,355.13,3063.833333,3528.520833
15/09/2021,262.4347826,308.7,3392.166667,3536.5625
16/09/2021,1158.583333,249.81,3720.5,3515.785714
17/09/2021,1410.666667,230.57,3624.708333,3508.083333
18/09/2021,550.7916667,238.26,3374.479167,3225.282609
19/09/2021,638.7083333,200,3255.833333,3096.045455
20/09/2021,614.2916667,235,3618.125,3442.8125
21/09/2021,699.125,237,3703.8125,3525.4375
22/09/2021,1999.416667,200,3737.854167,3490.541667
23/09/2021,1570.833333,194.66,3708.125,3501.770833
24/09/2021,1731.291667,168.33,3680.875,3518.958333
25/09/2021,980.0416667,226.08,3411.375,3271.666667
26/09/2021,2367,137.91,3261.125,3177.3125
27/09/2021,1826.458333,168.83,3671.354167,3379.520833
28/09/2021,1234.625,194.52,3731.104167,3451.913043
29/09/2021,1350.291667,205,3764.916667,3518.25
30/09/2021,3134.666667,187.63,3777.916667,3582.818182
10/01/2021,2498.208333,202,3495.479167,3604.083333
10/02/2021,1508.291667,240,3993.770833,4081.3125
10/03/2021,1983.625,183.54,3886.1875,3839.770833
10/04/2021,1009,217.19,3459.979167,3400.75
10/05/2021,888.9583333,227.34,3501.625,3420.541667
10/06/2021,1263,249.93,3531.875,3478.229167
10/07/2021,2987.375,199,3210.270833,3152.875
10/08/2021,2130.541667,255,3531.291667,3386.854167
10/09/2021,928.6666667,286.14,3616.5,2985.05
10/10/2021,635.0833333,253,3355.1875,3224.854167
10/11/2021,309.7083333,302.45,4098.104167,3808.395833
10/12/2021,170.1666667,278.33,4230.229167,4215.113636
13/10/2021,424.0833333,268,3817.875,3655.291667
14/10/2021,1188.541667,236.84,3854.354167,3663.125
15/10/2021,355.375,290.71,3841.520833,3628.4375
16/10/2021,985.0416667,259.23,3566.479167,3376.5625
17/10/2021,1273.333333,226,3428,3232.770833
18/10/2021,2022.458333,215,3835.0625,3578.583333
19/10/2021,2318.083333,209.21,3919.583333,3647.729167
20/10/2021,1553.791667,285.21,3938.125,3677.979167
21/10/2021,2432.166667,255,3927.104167,3661.25
22/10/2021,1372.208333,246,3897.083333,3705.043478
23/10/2021,3343.125,174.7,3592.875,3428.416667
24/10/2021,2678.375,217.62,3126.5,3204.854167
25/10/2021,1719.541667,231,3513.173913,3246.958333
26/10/2021,3387.916667,225,3921.8125,3633.958333
27/10/2021,3650.583333,219.5,3954.0625,3500.5625
28/10/2021,1306.5,227.2,3964.833333,3877.1
29/10/2021,752,332.58,3934.458333,3652.608696
30/10/2021,837.9565217,250,3339.5,3455.304348
31/10/2021,2668.28,202.24,3620.541667,3419.159091
11/01/2021,2675,154.48,3901.583333,3856.270833
11/02/2021,1182.347826,233.67,4005.416667,4277.479167
11/03/2021,2237.083333,202.05,3830.895833,3812.145833
11/04/2021,1045.625,219,3350.395833,3335.125
11/05/2021,823.5833333,240,3543.8125,3401.791667
11/06/2021,2976.833333,154.62,2931.5,3363.395833
11/07/2021,1474.875,195.68,3067.729167,3045.020833
11/08/2021,2481.5,185,3558.583333,3360.229167
11/09/2021,1531.25,200.48,3323.145833,3465.354167
11/10/2021,434.75,246.63,3653.229167,3570.479167
11/11/2021,1776.833333,172.5,4081.4375,3846.642857
11/12/2021,3406,145,3963.875,3792.428571
13/11/2021,552.1304348,199,3759.5,3517.479167
14/11/2021,714.625,187.26,3629.021739,3367.104167
15/11/2021,500.1666667,250,4026.145833,3733.166667
16/11/2021,1854.583333,195.52,4068.583333,3811.478261
17/11/2021,1874.083333,219.31,4112.416667,3850.227273
18/11/2021,2131.708333,223.4,4138.958333,3844.204545
19/11/2021,1311.666667,226,4139.604167,3805.020833
20/11/2021,1263.375,223,3848.479167,3539
21/11/2021,1910.458333,205.55,3699.645833,3504.333333
22/11/2021,607.9583333,221.81,4142.5,3959.652174
23/11/2021,367.5,269,4193.0625,4083.541667
24/11/2021,1671.75,269.22,4226.1875,4058.520833
25/11/2021,2205.416667,209.31,3803.5,4129.5
26/11/2021,4180.875,227.9,4205.456522,4102.166667
27/11/2021,3921.291667,245.2,3887.5625,3845.833333
28/11/2021,979.7083333,252.92,3736.625,3745.8125
29/11/2021,822.7916667,387,4171.520833,4009.229167
30/11/2021,2557.291667,272.9,4246.270833,4009.25
12/01/2021,3413.583333,219.54,4030.875,3841.729167
12/02/2021,1259.333333,265.3,3929.9375,4138.645833
12/03/2021,2201,310.02,3679.145833,3797.145833
12/04/2021,3442.608696,233.12,3665.104167,3635.270833
12/05/2021,1503.958333,230.75,3521.770833,3485.125
12/06/2021,3165.583333,239.1,3223.673913,3125.041667
12/07/2021,3296,219,3469.541667,3380.666667
12/08/2021,3893.541667,234.52,3540.0625,3335.0625
12/09/2021,2470.833333,308,3220.916667,3497.916667
12/10/2021,2480.958333,252.88,3775.041667,3660.770833
12/11/2021,1903.625,239.5,4079.958333,3784.9375
12/12/2021,2712.458333,265.72,3817.791667,3678.847826
13/12/2021,672.2916667,294.61,4231.6875,4094.714286
14/12/2021,1944.375,274.64,4271.375,4142.043478
15/12/2021,2130,292.08,4252.520833,4080.847826
16/12/2021,932.4347826,315.98,3888.5,4020.238095
17/12/2021,1260,335,4107.913043,4079
18/12/2021,1478.73913,333.01,3822.125,3811.416667
19/12/2021,1097.083333,336.79,3646.395833,3690.458333
20/12/2021,1757.333333,352.75,3877.083333,4075.791667
21/12/2021,2052.041667,363.24,3844.041667,4147.136364
22/12/2021,2719.208333,375,3774.8125,3966.108696
23/12/2021,1911,426.58,3735.270833,3744.454545
24/12/2021,1937.583333,340,3707.395833,3557.125
25/12/2021,2937.75,222,3448.3125,3289.4375
26/12/2021,1323.916667,203.79,3310.083333,3110.729167
27/12/2021,763.625,212.21,3564.479167,3366.045455
28/12/2021,2065.916667,212.47,3663.375,3383.521739
29/12/2021,2728.791667,191.35,3748.958333,3477.478261
30/12/2021,2465.125,203.8,3782.708333,3514.875
31/12/2021,3296,187.38,3664.291667,3420.25
01/01/2022,3747.25,54.1,3763.041667,3178.704545
01/02/2022,3244.875,92.5,4308.208333,4016.375
01/03/2022,2112.875,102.2,4293.270833,4031.318182
01/04/2022,2193.583333,199.35,3899,3845.729167
01/05/2022,779.5416667,235.87,3258.104167,3809.696429
01/06/2022,3640.833333,222.03,3586.666667,3773.66369
01/07/2022,3195,244.53,3684.204167,3737.630952
01/08/2022,4073.173913,214.83,3781.741667,3701.598214
01/09/2022,4225,172.5,3879.279167,3665.565476
01/10/2022,1439.434783,240.14,3976.816667,3629.532738
01/11/2022,1006,265,4074.354167,3593.5
01/12/2022,869.0434783,236.63,4307.791667,3908.826087
13/01/2022,840.6666667,227.67,4351.543478,4102.020833
14/01/2022,675.7916667,224.17,4278.958333,4020.891304
15/01/2022,1138,236.53,4005.895833,3713.458333
16/01/2022,1277.652174,199,3829.645833,3791.7
17/01/2022,1417.304348,234.27,4262.5,4009.714286
18/01/2022,2708.666667,215,4289.354167,4152.104167
19/01/2022,2142.166667,215,4292.25,4024.979167
20/01/2022,406.5833333,228.42,4295.458333,4124.208333
21/01/2022,451.0833333,244,4199.833333,4055.913043
22/01/2022,984,216,3890.708333,3701.409091
23/01/2022,1865.5,202.75,3746.729167,3605
24/01/2022,589.75,235,4180.583333,4014.708333
25/01/2022,285.625,294,4295.729167,4082.25
26/01/2022,1331.791667,268.48,4320.416667,4029.125
27/01/2022,1312.833333,254,4334.145833,3963.625
28/01/2022,2300.166667,230.47,4258.895833,3929.354167
29/01/2022,3032.833333,194,3945.520833,3577.895833
30/01/2022,2170.791667,280.63,3780.75,3620.8125
31/01/2022,2765.083333,257.06,4234.145833,3981.1875
02/01/2022,3494.583333,210,3643.354167,3215.782609
02/02/2022,1751.708333,228,4314.708333,3943.5
02/03/2022,2730.458333,210,4272.125,3997.065217
02/04/2022,2400,202,3608.854167,3542.954545
02/05/2022,1626,137.61,3297.333333,3595.928571
02/06/2022,1915.73913,142.09,3602.645833,3648.902597
02/07/2022,2205.478261,227.01,3717.541667,3701.876623
02/08/2022,2495.217391,184.76,3832.4375,3754.850649
02/09/2022,2784.956522,206,3947.333333,3807.824675
02/10/2022,3074.695652,180.58,4062.229167,3860.798701
02/11/2022,3364.434783,217.33,4177.125,3913.772727
02/12/2022,3654.173913,184.28,4286.333333,3959.571429
13/02/2022,1084.666667,216.87,3710.104167,3574.809524
14/02/2022,2583.708333,178.54,4160.875,4019.891304
15/02/2022,2785.666667,213.22,4276.270833,4056.391304
16/02/2022,4084.625,173.04,4266.9375,4017.181818
17/02/2022,2920.5,164.84,4235.729167,4068.791667
18/02/2022,3543.625,181,4231.3125,4041.434783
19/02/2022,2603.708333,195.83,3900.645833,3823.826087
20/02/2022,4574.25,106,3742.020833,3650.181818
21/02/2022,3219.041667,176,4163.145833,4071.181818
22/02/2022,3249.375,188,4288.6875,3982.6875
23/02/2022,3321.208333,187.84,4314.1875,3988.4375
24/02/2022,3866.333333,199,4260.541667,4107.761905
25/02/2022,1685.875,315.5,4155.1875,3961.145833
26/02/2022,4555.416667,206.94,3936.625,3710.108696
27/02/2022,2287.125,273.12,3813.458333,3520.543478
28/02/2022,1572.416667,264.79,4267.895833,3816.477273
03/01/2022,1848.208333,290.51,3471.395833,3403.520833
03/02/2022,1580.5,264,4292.9375,3917.022727
03/03/2022,1750.458333,418.64,4247.958333,3948.956522
03/04/2022,1342.916667,422.73,3457.104167,3423.956522
03/05/2022,632.5,430,3633.6875,3471.360692
03/06/2022,716.9166667,441.8,3554.875,3518.764862
03/07/2022,3193.916667,450,3677.3625,3566.169033
03/08/2022,4212.666667,241,3799.85,3613.573203
03/09/2022,2780.791667,478.92,3922.3375,3660.977374
03/10/2022,2697.791667,357,4044.825,3708.381544
03/11/2022,2724.208333,304.88,4167.3125,3755.785714
03/12/2022,1851,388,3961.770833,3653.595238
13/03/2022,3199.695652,171.31,3656.541667,3522.456522
14/03/2022,1543.958333,265,3901.875,3874.23913
15/03/2022,1636,262,4021.083333,3974.217391
16/03/2022,581.0833333,400.04,4126.416667,3892.130435
17/03/2022,2369.916667,236.48,3699.291667,3521.791667
18/03/2022,1866.791667,229.71,4021.541667,3474.869565
19/03/2022,4248.916667,192.41,3748.604167,3381.795455
20/03/2022,3275,195,3560.6875,3372.208333
21/03/2022,1753.541667,259,4093.395833,3697.5
22/03/2022,3178.791667,213.5,4160.8125,3744.863636
23/03/2022,1267.25,238.53,4133.104167,3720.166667
24/03/2022,244.2083333,307.76,4115.0625,3725.173913
25/03/2022,163,330,3999.833333,3687.875
26/03/2022,794.625,257.41,3638.541667,3424.608696
27/03/2022,700.2608696,284.74,3465.5,3308.761905
28/03/2022,162.8333333,321.38,3769.565217,3627.5625
29/03/2022,156.4166667,376.9,3917.625,3750.130435
30/03/2022,1071.625,349.65,3992.375,3859.409091
31/03/2022,1520.333333,333,3993.604167,3839.73913
04/01/2022,541.2916667,340,4185.6875,3882.977273
04/02/2022,779.875,360,4305.958333,3975.958333
04/03/2022,792.7916667,316,4217.875,3916.772727
04/04/2022,3463.333333,264,3762.458333,3645.05
04/05/2022,3357.75,269,3693.770833,3645.05
04/06/2022,3802,230.77,2699.909091,3645.05
