Time,Wind Offshore  [MW] Day Ahead
2018-01-01,2158.083333
2018-01-02,2236.125
2018-01-03,2715.5
2018-01-04,1274.583333
2018-01-05,464.0833333
2018-01-06,1435.125
2018-01-07,726.7916667
2018-01-08,1427.75
2018-01-09,2133.958333
2018-01-10,306.0
2018-01-11,298.75
2018-01-12,2559.958333
2018-01-13,1310.5
2018-01-14,1614.875
2018-01-15,2436.708333
2018-01-16,2859.333333
2018-01-17,2651.541667
2018-01-18,2158.083333
2018-01-19,1970.041667
2018-01-20,725.8333333
2018-01-21,1935.041667
2018-01-22,1526.166667
2018-01-23,2565.5
2018-01-24,2888.875
2018-01-25,2270.166667
2018-01-26,1135.291667
2018-01-27,2232.916667
2018-01-28,2720.583333
2018-01-29,1357.75
2018-01-30,1208.958333
2018-01-31,2957.5
2018-02-01,2564.416667
2018-02-02,949.2083333
2018-02-03,2209.958333
2018-02-04,767.375
2018-02-05,389.3333333
2018-02-06,1962.125
2018-02-07,925.0
2018-02-08,1042.916667
2018-02-09,1747.583333
2018-02-10,2082.5
2018-02-11,2267.666667
2018-02-12,2010.458333
2018-02-13,1686.708333
2018-02-14,2613.625
2018-02-15,2344.458333
2018-02-16,1843.791667
2018-02-17,614.75
2018-02-18,863.2083333
2018-02-19,846.2083333
2018-02-20,616.5
2018-02-21,245.2916667
2018-02-22,1164.125
2018-02-23,2394.208333
2018-02-24,1990.083333
2018-02-25,1956.0
2018-02-26,1813.541667
2018-02-27,1051.833333
2018-02-28,2074.875
2018-03-01,2831.375
2018-03-02,2959.958333
2018-03-03,2010.833333
2018-03-04,1042.458333
2018-03-05,137.2083333
2018-03-06,283.0416667
2018-03-07,995.2083333
2018-03-08,798.2916667
2018-03-09,954.0
2018-03-10,1610.0
2018-03-11,551.3333333
2018-03-12,640.0833333
2018-03-13,1203.833333
2018-03-14,2991.916667
2018-03-15,1597.166667
2018-03-16,1025.041667
2018-03-17,2195.375
2018-03-18,2342.5
2018-03-19,1204.291667
2018-03-20,176.7916667
2018-03-21,1142.0
2018-03-22,2153.833333
2018-03-23,1231.708333
2018-03-24,532.0416667
2018-03-25,229.173913
2018-03-26,922.173913
2018-03-27,1969.166667
2018-03-28,776.3333333
2018-03-29,424.9166667
2018-03-30,746.375
2018-03-31,498.375
2018-04-01,1275.875
2018-04-02,1590.791667
2018-04-03,931.4583333
2018-04-04,1694.166667
2018-04-05,1510.791667
2018-04-06,2595.875
2018-04-07,346.875
2018-04-08,196.375
2018-04-09,482.6666667
2018-04-10,1104.125
2018-04-11,321.625
2018-04-12,443.4583333
2018-04-13,150.625
2018-04-14,1265.666667
2018-04-15,2555.833333
2018-04-16,2711.25
2018-04-17,2972.958333
2018-04-18,2592.541667
2018-04-19,957.7083333
2018-04-20,419.5416667
2018-04-21,500.375
2018-04-22,1393.75
2018-04-23,1583.333333
2018-04-24,906.375
2018-04-25,2022.208333
2018-04-26,1384.5
2018-04-27,364.0833333
2018-04-28,120.9583333
2018-04-29,161.875
2018-04-30,210.9583333
2018-05-01,1642.833333
2018-05-02,1562.416667
2018-05-03,1160.166667
2018-05-04,714.625
2018-05-05,940.2083333
2018-05-06,477.6666667
2018-05-07,621.7916667
2018-05-08,1341.708333
2018-05-09,1917.458333
2018-05-10,1376.916667
2018-05-11,2038.291667
2018-05-12,320.0416667
2018-05-13,472.9166667
2018-05-14,326.625
2018-05-15,757.25
2018-05-16,899.0833333
2018-05-17,392.9583333
2018-05-18,312.6666667
2018-05-19,1216.708333
2018-05-20,1606.375
2018-05-21,553.0
2018-05-22,482.3913043
2018-05-23,217.5217391
2018-05-24,356.5833333
2018-05-25,1120.291667
2018-05-26,917.375
2018-05-27,948.4166667
2018-05-28,148.5416667
2018-05-29,286.9166667
2018-05-30,339.1666667
2018-05-31,108.4583333
2018-06-01,104.875
2018-06-02,160.2083333
2018-06-03,131.5
2018-06-04,174.375
2018-06-05,156.125
2018-06-06,136.5416667
2018-06-07,217.625
2018-06-08,136.1666667
2018-06-09,149.2083333
2018-06-10,300.8333333
2018-06-11,560.2916667
2018-06-12,460.9583333
2018-06-13,1563.958333
2018-06-14,2658.0
2018-06-15,992.5833333
2018-06-16,1616.833333
2018-06-17,1382.583333
2018-06-18,1428.541667
2018-06-19,945.4583333
2018-06-20,1468.75
2018-06-21,909.625
2018-06-22,218.5
2018-06-23,139.5416667
2018-06-24,140.8333333
2018-06-25,118.5
2018-06-26,339.6666667
2018-06-27,302.0
2018-06-28,245.625
2018-06-29,310.7916667
2018-06-30,328.75
2018-07-01,1006.416667
2018-07-02,925.0
2018-07-03,446.5833333
2018-07-04,251.3333333
2018-07-05,294.0
2018-07-06,161.7083333
2018-07-07,214.9166667
2018-07-08,183.6666667
2018-07-09,239.5
2018-07-10,289.625
2018-07-11,325.7916667
2018-07-12,330.25
2018-07-13,163.875
2018-07-14,686.0416667
2018-07-15,906.8333333
2018-07-16,512.0416667
2018-07-17,304.7083333
2018-07-18,116.1666667
2018-07-19,149.2083333
2018-07-20,392.8695652
2018-07-21,297.0
2018-07-22,256.3913043
2018-07-23,363.7083333
2018-07-24,254.5
2018-07-25,539.1666667
2018-07-26,1608.958333
2018-07-27,773.5
2018-07-28,974.625
2018-07-29,1139.583333
2018-07-30,1391.333333
2018-07-31,1947.208333
2018-08-01,1431.041667
2018-08-02,759.0833333
2018-08-03,373.4166667
2018-08-04,202.4166667
2018-08-05,239.3333333
2018-08-06,522.2916667
2018-08-07,611.125
2018-08-08,575.0416667
2018-08-09,556.625
2018-08-10,515.6666667
2018-08-11,844.0
2018-08-12,237.9166667
2018-08-13,488.8333333
2018-08-14,1104.791667
2018-08-15,1855.75
2018-08-16,1719.333333
2018-08-17,1764.666667
2018-08-18,1152.25
2018-08-19,735.5416667
2018-08-20,185.25
2018-08-21,681.3333333
2018-08-22,902.9583333
2018-08-23,1498.166667
2018-08-24,1347.958333
2018-08-25,377.75
2018-08-26,1790.333333
2018-08-27,1231.958333
2018-08-28,835.9166667
2018-08-29,540.625
2018-08-30,170.3333333
2018-08-31,1179.166667
2018-09-01,195.6666667
2018-09-02,1031.75
2018-09-03,492.25
2018-09-04,212.4166667
2018-09-05,336.3333333
2018-09-06,636.125
2018-09-07,437.125
2018-09-08,1184.791667
2018-09-09,1176.75
2018-09-10,1779.958333
2018-09-11,1108.0
2018-09-12,748.7083333
2018-09-13,1363.75
2018-09-14,1353.75
2018-09-15,1049.25
2018-09-16,1417.458333
2018-09-17,1794.958333
2018-09-18,2336.565217
2018-09-19,2612.875
2018-09-20,776.6666667
2018-09-21,1902.958333
2018-09-22,742.5833333
2018-09-23,1073.958333
2018-09-24,250.5
2018-09-25,1924.125
2018-09-26,1430.833333
2018-09-27,595.9166667
2018-09-28,590.7916667
2018-09-29,552.7916667
2018-09-30,1226.666667
2018-10-01,946.9166667
2018-10-02,1674.083333
2018-10-03,1291.333333
2018-10-04,910.7916667
2018-10-05,509.6666667
2018-10-06,842.25
2018-10-07,2174.583333
2018-10-08,2934.083333
2018-10-09,3019.625
2018-10-10,2677.833333
2018-10-11,2113.958333
2018-10-12,2808.791667
2018-10-13,653.7083333
2018-10-14,544.2916667
2018-10-15,674.5416667
2018-10-16,2061.083333
2018-10-17,486.0
2018-10-18,260.8333333
2018-10-19,845.1666667
2018-10-20,1374.5
2018-10-21,1575.875
2018-10-22,1024.208333
2018-10-23,1607.541667
2018-10-24,762.625
2018-10-25,848.7916667
2018-10-26,2514.708333
2018-10-27,2123.791667
2018-10-28,517.36
2018-10-29,1233.166667
2018-10-30,592.75
2018-10-31,467.75
2018-11-01,392.4583333
2018-11-02,1621.666667
2018-11-03,3428.458333
2018-11-04,1740.583333
2018-11-05,431.875
2018-11-06,2048.791667
2018-11-07,987.625
2018-11-08,1750.333333
2018-11-09,2748.25
2018-11-10,1066.75
2018-11-11,1607.625
2018-11-12,2170.166667
2018-11-13,2333.333333
2018-11-14,3292.458333
2018-11-15,2327.833333
2018-11-16,2188.375
2018-11-17,2609.166667
2018-11-18,2335.75
2018-11-19,1815.875
2018-11-20,1713.541667
2018-11-21,1167.291667
2018-11-22,1814.5
2018-11-23,1217.75
2018-11-24,837.4583333
2018-11-25,917.0416667
2018-11-26,1109.791667
2018-11-27,2463.375
2018-11-28,3470.666667
2018-11-29,2534.041667
2018-11-30,2564.416667
2018-12-01,1210.0
2018-12-02,1547.166667
2018-12-03,510.1666667
2018-12-04,553.25
2018-12-05,1137.583333
2018-12-06,2009.875
2018-12-07,3686.166667
2018-12-08,3332.916667
2018-12-09,2567.458333
2018-12-10,1081.208333
2018-12-11,2149.208333
2018-12-12,1550.541667
2018-12-13,2877.541667
2018-12-14,2796.541667
2018-12-15,3087.958333
2018-12-16,1613.25
2018-12-17,2840.416667
2018-12-18,2056.541667
2018-12-19,2349.5
2018-12-20,2024.541667
2018-12-21,1755.708333
2018-12-22,1231.708333
2018-12-23,507.5833333
2018-12-24,520.5833333
2018-12-25,1466.125
2018-12-26,1080.541667
2018-12-27,299.0416667
2018-12-28,744.875
2018-12-29,1503.875
2018-12-30,1062.916667
2018-12-31,1344.458333
2019-01-01,244.625
2019-01-02,498.5833333
2019-01-03,764.2916667
2019-01-04,1133.375
2019-01-05,1362.708333
2019-01-06,431.8333333
2019-01-07,2010.5
2019-01-08,516.5833333
2019-01-09,110.5
2019-01-10,157.0416667
2019-01-11,535.1666667
2019-01-12,2305.0
2019-01-13,2892.375
2019-01-14,983.0
2019-01-15,2197.0
2019-01-16,1748.5
2019-01-17,1059.833333
2019-01-18,1485.166667
2019-01-19,1004.291667
2019-01-20,1629.958333
2019-01-21,2098.708333
2019-01-22,2392.916667
2019-01-23,681.9583333
2019-01-24,1138.375
2019-01-25,1629.625
2019-01-26,2816.625
2019-01-27,2586.041667
2019-01-28,1654.791667
2019-01-29,1405.583333
2019-01-30,993.625
2019-01-31,1603.541667
2019-02-01,1703.791667
2019-02-02,598.9166667
2019-02-03,1784.083333
2019-02-04,1721.375
2019-02-05,2488.333333
2019-02-06,2052.333333
2019-02-07,2505.333333
2019-02-08,3658.291667
2019-02-09,2203.75
2019-02-10,2126.166667
2019-02-11,822.5
2019-02-12,2183.416667
2019-02-13,2970.791667
2019-02-14,2808.666667
2019-02-15,2801.166667
2019-02-16,2830.875
2019-02-17,3159.083333
2019-02-18,2258.833333
2019-02-19,2370.75
2019-02-20,2763.916667
2019-02-21,3078.625
2019-02-22,3416.291667
2019-02-23,2115.458333
2019-02-24,2158.375
2019-02-25,2276.166667
2019-02-26,1191.833333
2019-02-27,728.5
2019-02-28,957.5833333
2019-03-01,1053.666667
2019-03-02,2715.25
2019-03-03,1607.875
2019-03-04,2525.625
2019-03-05,1670.166667
2019-03-06,1868.541667
2019-03-07,2501.375
2019-03-08,2030.708333
2019-03-09,2237.375
2019-03-10,2960.125
2019-03-11,2817.166667
2019-03-12,3483.541667
2019-03-13,3690.666667
2019-03-14,3267.5
2019-03-15,2535.083333
2019-03-16,1951.333333
2019-03-17,2571.291667
2019-03-18,849.9583333
2019-03-19,919.7083333
2019-03-20,1108.416667
2019-03-21,1742.333333
2019-03-22,2375.041667
2019-03-23,295.9583333
2019-03-24,831.2916667
2019-03-25,225.0833333
2019-03-26,432.2083333
2019-03-27,447.125
2019-03-28,882.0833333
2019-03-29,1032.833333
2019-03-30,432.7916667
2019-03-31,794.5652174
2019-04-01,672.0
2019-04-02,2268.333333
2019-04-03,2608.333333
2019-04-04,949.25
2019-04-05,833.9166667
2019-04-06,1206.833333
2019-04-07,465.6666667
2019-04-08,1092.916667
2019-04-09,604.7916667
2019-04-10,355.6666667
2019-04-11,294.875
2019-04-12,1527.958333
2019-04-13,3173.041667
2019-04-14,3493.541667
2019-04-15,3588.0
2019-04-16,691.375
2019-04-17,1131.458333
2019-04-18,1341.041667
2019-04-19,678.2083333
2019-04-20,147.625
2019-04-21,843.9166667
2019-04-22,1986.75
2019-04-23,1050.166667
2019-04-24,927.5
2019-04-25,724.0416667
2019-04-26,2052.958333
2019-04-27,2745.416667
2019-04-28,478.5
2019-04-29,712.7083333
2019-04-30,1181.541667
2019-05-01,246.1666667
2019-05-02,625.0416667
2019-05-03,719.4166667
2019-05-04,677.7083333
2019-05-05,169.9583333
2019-05-06,147.7083333
2019-05-07,290.8333333
2019-05-08,944.1666667
2019-05-09,304.2916667
2019-05-10,221.625
2019-05-11,462.7083333
2019-05-12,441.5
2019-05-13,1838.625
2019-05-14,2053.416667
2019-05-15,1733.875
2019-05-16,366.1666667
2019-05-17,170.125
2019-05-18,550.9166667
2019-05-19,909.0
2019-05-20,415.0
2019-05-21,127.4166667
2019-05-22,374.1666667
2019-05-23,215.4583333
2019-05-24,491.75
2019-05-25,354.6666667
2019-05-26,1618.25
2019-05-27,1514.5
2019-05-28,856.7916667
2019-05-29,929.8333333
2019-05-30,1666.666667
2019-05-31,1843.708333
2019-06-01,418.3333333
2019-06-02,2312.541667
2019-06-03,1514.791667
2019-06-04,320.1666667
2019-06-05,726.125
2019-06-06,541.2916667
2019-06-07,433.25
2019-06-08,1058.75
2019-06-09,504.8333333
2019-06-10,242.2916667
2019-06-11,1288.083333
2019-06-12,1682.416667
2019-06-13,1486.875
2019-06-14,751.375
2019-06-15,316.4166667
2019-06-16,915.0
2019-06-17,1374.0
2019-06-18,413.4583333
2019-06-19,598.0416667
2019-06-20,611.625
2019-06-21,240.0416667
2019-06-22,562.4583333
2019-06-23,1435.875
2019-06-24,439.25
2019-06-25,117.0
2019-06-26,877.1666667
2019-06-27,2048.833333
2019-06-28,1842.958333
2019-06-29,702.5
2019-06-30,1621.25
2019-07-01,1276.458333
2019-07-02,223.375
2019-07-03,178.1666667
2019-07-04,208.0
2019-07-05,405.6666667
2019-07-06,296.9166667
2019-07-07,161.0
2019-07-08,81.95833333
2019-07-09,138.7083333
2019-07-10,310.9166667
2019-07-11,567.625
2019-07-12,712.1666667
2019-07-13,423.8333333
2019-07-14,251.7916667
2019-07-15,332.5416667
2019-07-16,311.6666667
2019-07-17,1037.875
2019-07-18,864.0416667
2019-07-19,730.875
2019-07-20,412.6666667
2019-07-21,1479.625
2019-07-22,2500.958333
2019-07-23,1315.875
2019-07-24,613.125
2019-07-25,2041.0
2019-07-26,1666.375
2019-07-27,266.9166667
2019-07-28,431.5416667
2019-07-29,571.0416667
2019-07-30,460.9583333
2019-07-31,395.0
2019-08-01,153.5833333
2019-08-02,212.1666667
2019-08-03,545.4583333
2019-08-04,707.625
2019-08-05,872.5416667
2019-08-06,1323.25
2019-08-07,697.7916667
2019-08-08,570.125
2019-08-09,1175.75
2019-08-10,1561.25
2019-08-11,775.5
2019-08-12,418.0416667
2019-08-13,420.375
2019-08-14,391.5
2019-08-15,1300.0
2019-08-16,2349.5
2019-08-17,2484.625
2019-08-18,2188.791667
2019-08-19,1562.0
2019-08-20,694.9583333
2019-08-21,1851.875
2019-08-22,1697.666667
2019-08-23,1482.875
2019-08-24,582.0
2019-08-25,474.0833333
2019-08-26,419.1666667
2019-08-27,1131.791667
2019-08-28,433.375
2019-08-29,2310.375
2019-08-30,2427.833333
2019-08-31,1736.458333
2019-09-01,1391.0
2019-09-02,1180.166667
2019-09-03,2160.416667
2019-09-04,2842.958333
2019-09-05,1447.708333
2019-09-06,2197.375
2019-09-07,355.2083333
2019-09-08,433.5833333
2019-09-09,1305.541667
2019-09-10,1164.75
2019-09-11,2027.625
2019-09-12,1559.166667
2019-09-13,265.8333333
2019-09-14,1261.958333
2019-09-15,719.9583333
2019-09-16,398.0416667
2019-09-17,90.91666667
2019-09-18,173.6666667
2019-09-19,463.75
2019-09-20,2155.041667
2019-09-21,2824.041667
2019-09-22,1013.875
2019-09-23,1710.958333
2019-09-24,1233.416667
2019-09-25,1068.041667
2019-09-26,2005.958333
2019-09-27,1764.333333
2019-09-28,1503.125
2019-09-29,1013.333333
2019-09-30,726.0
2019-10-01,1024.25
2019-10-02,239.75
2019-10-03,2187.541667
2019-10-04,1962.125
2019-10-05,1024.875
2019-10-06,600.0833333
2019-10-07,2525.625
2019-10-08,2986.5
2019-10-09,2672.666667
2019-10-10,2427.833333
2019-10-11,1772.041667
2019-10-12,868.5
2019-10-13,355.2916667
2019-10-14,579.375
2019-10-15,1367.916667
2019-10-16,1421.041667
2019-10-17,2091.833333
2019-10-18,1039.416667
2019-10-19,999.875
2019-10-20,1473.291667
2019-10-21,264.6666667
2019-10-22,1247.25
2019-10-23,2454.583333
2019-10-24,1429.791667
2019-10-25,650.4166667
2019-10-26,658.8333333
2019-10-27,549.68
2019-10-28,723.5833333
2019-10-29,1962.666667
2019-10-30,2438.25
2019-10-31,1245.0
2019-11-01,1961.375
2019-11-02,2827.916667
2019-11-03,1129.625
2019-11-04,1484.083333
2019-11-05,1323.833333
2019-11-06,825.375
2019-11-07,1779.833333
2019-11-08,751.2083333
2019-11-09,1928.125
2019-11-10,1100.375
2019-11-11,3068.583333
2019-11-12,1976.666667
2019-11-13,1140.166667
2019-11-14,2828.416667
2019-11-15,1590.541667
2019-11-16,158.625
2019-11-17,1072.041667
2019-11-18,919.0416667
2019-11-19,1514.375
2019-11-20,2343.916667
2019-11-21,1138.0
2019-11-22,352.25
2019-11-23,1042.958333
2019-11-24,895.0833333
2019-11-25,986.1666667
2019-11-26,1201.0
2019-11-27,335.5
2019-11-28,572.6666667
2019-11-29,605.8333333
2019-11-30,1364.916667
2019-12-01,415.9583333
2019-12-02,322.9583333
2019-12-03,2095.041667
2019-12-04,1922.833333
2019-12-05,3341.916667
2019-12-06,2835.916667
2019-12-07,2670.625
2019-12-08,4032.541667
2019-12-09,2398.75
2019-12-10,3950.291667
2019-12-11,2503.875
2019-12-12,2422.75
2019-12-13,2971.291667
2019-12-14,3092.791667
2019-12-15,1514.875
2019-12-16,1126.875
2019-12-17,442.75
2019-12-18,3152.208333
2019-12-19,1069.458333
2019-12-20,758.75
2019-12-21,596.2916667
2019-12-22,1861.291667
2019-12-23,2145.541667
2019-12-24,1403.833333
2019-12-25,1343.375
2019-12-26,2983.958333
2019-12-27,2516.333333
2019-12-28,3443.416667
2019-12-29,3236.5
2019-12-30,735.0416667
2019-12-31,645.0833333
2020-01-01,1387.916667
2020-01-02,3486.666667
2020-01-03,1741.5
2020-01-04,1495.375
2020-01-05,2793.041667
2020-01-06,3236.375
2020-01-07,3806.5
2020-01-08,923.25
2020-01-09,804.9166667
2020-01-10,2689.333333
2020-01-11,3550.75
2020-01-12,1251.25
2020-01-13,3888.166667
2020-01-14,2869.375
2020-01-15,3175.625
2020-01-16,3268.833333
2020-01-17,1714.166667
2020-01-18,305.0833333
2020-01-19,828.9166667
2020-01-20,1452.791667
2020-01-21,707.0
2020-01-22,202.2916667
2020-01-23,434.5416667
2020-01-24,566.375
2020-01-25,1867.833333
2020-01-26,1968.916667
2020-01-27,2044.916667
2020-01-28,3104.041667
2020-01-29,2192.416667
2020-01-30,2063.291667
2020-01-31,3297.083333
2020-02-01,2952.25
2020-02-02,2632.416667
2020-02-03,3373.791667
2020-02-04,2406.208333
2020-02-05,1068.75
2020-02-06,1854.541667
2020-02-07,3203.375
2020-02-08,3470.625
2020-02-09,4124.875
2020-02-10,4357.458333
2020-02-11,4047.5
2020-02-12,1775.416667
2020-02-13,1537.416667
2020-02-14,3127.041667
2020-02-15,4055.875
2020-02-16,4196.333333
2020-02-17,3919.333333
2020-02-18,3434.291667
2020-02-19,2971.375
2020-02-20,3315.375
2020-02-21,4365.833333
2020-02-22,4088.666667
2020-02-23,1801.833333
2020-02-24,3877.5
2020-02-25,3261.25
2020-02-26,2447.291667
2020-02-27,1572.333333
2020-02-28,1665.75
2020-02-29,3796.083333
2020-03-01,3900.791667
2020-03-02,2756.041667
2020-03-03,1043.125
2020-03-04,2091.5
2020-03-05,1034.125
2020-03-06,1597.375
2020-03-07,3012.416667
2020-03-08,3501.916667
2020-03-09,3345.916667
2020-03-10,3234.541667
2020-03-11,3224.25
2020-03-12,3882.416667
2020-03-13,1065.583333
2020-03-14,2363.416667
2020-03-15,2932.458333
2020-03-16,2332.291667
2020-03-17,1802.958333
2020-03-18,873.5416667
2020-03-19,787.9166667
2020-03-20,1127.666667
2020-03-21,2293.375
2020-03-22,1304.0
2020-03-23,2417.5
2020-03-24,2809.125
2020-03-25,1137.083333
2020-03-26,511.0833333
2020-03-27,897.875
2020-03-28,2316.041667
2020-03-29,2187.086957
2020-03-30,1645.541667
2020-03-31,766.9166667
2020-04-01,830.6666667
2020-04-02,1793.958333
2020-04-03,515.4166667
2020-04-04,2369.291667
2020-04-05,3929.166667
2020-04-06,2187.916667
2020-04-07,1139.708333
2020-04-08,417.8333333
2020-04-09,408.7916667
2020-04-10,514.3333333
2020-04-11,382.7916667
2020-04-12,1070.75
2020-04-13,2990.5
2020-04-14,672.8333333
2020-04-15,442.5833333
2020-04-16,989.625
2020-04-17,1300.083333
2020-04-18,1260.125
2020-04-19,937.5416667
2020-04-20,1335.166667
2020-04-21,1404.625
2020-04-22,687.9166667
2020-04-23,329.75
2020-04-24,267.7916667
2020-04-25,223.0833333
2020-04-26,427.0416667
2020-04-27,506.6666667
2020-04-28,283.625
2020-04-29,1285.958333
2020-04-30,709.875
2020-05-01,855.0833333
2020-05-02,539.7083333
2020-05-03,616.375
2020-05-04,1445.375
2020-05-05,2872.625
2020-05-06,1844.083333
2020-05-07,1103.791667
2020-05-08,249.4166667
2020-05-09,254.25
2020-05-10,2485.458333
2020-05-11,1709.708333
2020-05-12,698.875
2020-05-13,748.4166667
2020-05-14,516.125
2020-05-15,483.125
2020-05-16,706.25
2020-05-17,1670.666667
2020-05-18,1489.291667
2020-05-19,973.4583333
2020-05-20,1216.875
2020-05-21,676.375
2020-05-22,4074.0
2020-05-23,3881.875
2020-05-24,1546.041667
2020-05-25,1684.625
2020-05-26,288.0
2020-05-27,202.3333333
2020-05-28,1600.458333
2020-05-29,2803.916667
2020-05-30,1358.541667
2020-05-31,703.5833333
2020-06-01,393.1666667
2020-06-02,484.1666667
2020-06-03,2178.291667
2020-06-04,1430.875
2020-06-05,1903.416667
2020-06-06,3195.208333
2020-06-07,1756.583333
2020-06-08,468.4583333
2020-06-09,338.2083333
2020-06-10,1015.791667
2020-06-11,2323.333333
2020-06-12,1781.208333
2020-06-13,775.2916667
2020-06-14,412.4583333
2020-06-15,159.8333333
2020-06-16,287.1666667
2020-06-17,575.25
2020-06-18,282.5
2020-06-19,547.2916667
2020-06-20,2418.625
2020-06-21,2354.125
2020-06-22,2556.333333
2020-06-23,1727.458333
2020-06-24,351.5416667
2020-06-25,463.4166667
2020-06-26,513.375
2020-06-27,568.75
2020-06-28,3290.208333
2020-06-29,3171.0
2020-06-30,540.625
2020-07-01,508.0416667
2020-07-02,651.2916667
2020-07-03,2171.875
2020-07-04,1685.5
2020-07-05,3644.208333
2020-07-06,1794.458333
2020-07-07,1814.291667
2020-07-08,691.2916667
2020-07-09,1148.083333
2020-07-10,1120.875
2020-07-11,310.9583333
2020-07-12,449.5833333
2020-07-13,1194.208333
2020-07-14,1263.375
2020-07-15,1308.666667
2020-07-16,993.3333333
2020-07-17,1102.375
2020-07-18,797.5416667
2020-07-19,522.4583333
2020-07-20,394.125
2020-07-21,213.25
2020-07-22,980.2083333
2020-07-23,687.875
2020-07-24,574.0
2020-07-25,786.7083333
2020-07-26,1054.875
2020-07-27,724.8333333
2020-07-28,950.7083333
2020-07-29,478.375
2020-07-30,2165.291667
2020-07-31,1698.791667
2020-08-01,993.2916667
2020-08-02,925.0833333
2020-08-03,525.25
2020-08-04,2479.583333
2020-08-05,1704.791667
2020-08-06,904.8333333
2020-08-07,1123.541667
2020-08-08,213.625
2020-08-09,280.4166667
2020-08-10,455.7083333
2020-08-11,397.9583333
2020-08-12,653.8333333
2020-08-13,988.6666667
2020-08-14,335.875
2020-08-15,222.5416667
2020-08-16,299.0416667
2020-08-17,306.7916667
2020-08-18,427.25
2020-08-19,1300.875
2020-08-20,1963.75
2020-08-21,2508.458333
2020-08-22,2353.916667
2020-08-23,1122.625
2020-08-24,373.375
2020-08-25,3060.666667
2020-08-26,1125.083333
2020-08-27,279.4166667
2020-08-28,1756.375
2020-08-29,1259.958333
2020-08-30,277.0416667
2020-08-31,906.375
2020-09-01,962.875
2020-09-02,2491.333333
2020-09-03,2088.208333
2020-09-04,1673.375
2020-09-05,1480.958333
2020-09-06,570.0833333
2020-09-07,1575.208333
2020-09-08,1443.666667
2020-09-09,1113.291667
2020-09-10,905.25
2020-09-11,1952.708333
2020-09-12,1546.416667
2020-09-13,2602.541667
2020-09-14,1194.25
2020-09-15,736.9583333
2020-09-16,120.125
2020-09-17,360.7083333
2020-09-18,690.2083333
2020-09-19,1070.625
2020-09-20,558.125
2020-09-21,349.1666667
2020-09-22,1359.125
2020-09-23,688.125
2020-09-24,2674.333333
2020-09-25,2366.625
2020-09-26,433.0833333
2020-09-27,608.5
2020-09-28,1168.708333
2020-09-29,847.5416667
2020-09-30,1721.166667
2020-10-01,483.1666667
2020-10-02,1903.958333
2020-10-03,869.375
2020-10-04,3125.416667
2020-10-05,2155.166667
2020-10-06,2520.125
2020-10-07,866.7916667
2020-10-08,617.0
2020-10-09,1859.583333
2020-10-10,1762.666667
2020-10-11,546.7916667
2020-10-12,2006.125
2020-10-13,1641.625
2020-10-14,958.625
2020-10-15,449.6666667
2020-10-16,923.7916667
2020-10-17,836.8333333
2020-10-18,1016.458333
2020-10-19,2619.875
2020-10-20,3338.458333
2020-10-21,1342.833333
2020-10-22,976.8333333
2020-10-23,2109.666667
2020-10-24,3556.583333
2020-10-25,3114.52
2020-10-26,2838.458333
2020-10-27,2904.791667
2020-10-28,3807.708333
2020-10-29,3544.875
2020-10-30,1217.291667
2020-10-31,2973.0
2020-11-01,3025.416667
2020-11-02,3682.125
2020-11-03,1933.25
2020-11-04,570.4166667
2020-11-05,359.7083333
2020-11-06,741.1666667
2020-11-07,823.75
2020-11-08,1559.041667
2020-11-09,1138.0
2020-11-10,1436.416667
2020-11-11,3222.291667
2020-11-12,2803.083333
2020-11-13,2862.0
2020-11-14,2895.791667
2020-11-15,3013.541667
2020-11-16,2923.833333
2020-11-17,3748.541667
2020-11-18,3168.125
2020-11-19,2135.0
2020-11-20,3517.291667
2020-11-21,2375.666667
2020-11-22,665.2083333
2020-11-23,2178.916667
2020-11-24,2075.083333
2020-11-25,761.125
2020-11-26,297.4583333
2020-11-27,444.0833333
2020-11-28,617.875
2020-11-29,150.4583333
2020-11-30,1184.416667
2020-12-01,465.875
2020-12-02,2110.916667
2020-12-03,1836.458333
2020-12-04,2331.958333
2020-12-05,3373.125
2020-12-06,391.375
2020-12-07,388.5833333
2020-12-08,1743.833333
2020-12-09,1339.375
2020-12-10,1528.833333
2020-12-11,1439.708333
2020-12-12,1567.875
2020-12-13,3088.333333
2020-12-14,2982.833333
2020-12-15,1888.625
2020-12-16,1820.666667
2020-12-17,2434.416667
2020-12-18,2891.208333
2020-12-19,3368.958333
2020-12-20,2409.166667
2020-12-21,1348.833333
2020-12-22,459.0
2020-12-23,2428.708333
2020-12-24,1706.166667
2020-12-25,379.0
2020-12-26,4076.913043
2020-12-27,3399.166667
2020-12-28,3357.75
2020-12-29,3006.25
2020-12-30,802.4166667
2020-12-31,1693.208333
2021-01-01,1478.958333
2021-01-02,585.2083333
2021-01-03,1198.666667
2021-01-04,1274.708333
2021-01-05,1158.25
2021-01-06,364.9583333
2021-01-07,1043.0
2021-01-08,1781.5
2021-01-09,623.5416667
2021-01-10,1343.0
2021-01-11,2959.166667
2021-01-12,1182.875
2021-01-13,1838.125
2021-01-14,1091.75
2021-01-15,2054.583333
2021-01-16,2540.458333
2021-01-17,951.125
2021-01-18,1046.083333
2021-01-19,1897.666667
2021-01-20,737.625
2021-01-21,1901.166667
2021-01-22,886.625
2021-01-23,753.7916667
2021-01-24,1809.5
2021-01-25,1302.5
2021-01-26,1303.25
2021-01-27,1365.458333
2021-01-28,2200.083333
2021-01-29,1686.958333
2021-01-30,3317.0
2021-01-31,2573.25
2021-02-01,1621.875
2021-02-02,2490.75
2021-02-03,1627.291667
2021-02-04,1817.875
2021-02-05,1320.958333
2021-02-06,1367.25
2021-02-07,2421.333333
2021-02-08,2683.333333
2021-02-09,3082.291667
2021-02-10,1324.083333
2021-02-11,4181.416667
2021-02-12,4503.791667
2021-02-13,4536.041667
2021-02-14,4078.5
2021-02-15,2852.208333
2021-02-16,3275.708333
2021-02-17,2718.75
2021-02-18,1772.875
2021-02-19,3972.541667
2021-02-20,1958.541667
2021-02-21,2110.083333
2021-02-22,1461.625
2021-02-23,4447.458333
2021-02-24,2795.291667
2021-02-25,1462.375
2021-02-26,1760.916667
2021-02-27,454.125
2021-02-28,537.2083333
2021-03-01,1523.708333
2021-03-02,953.25
2021-03-03,338.6666667
2021-03-04,381.4166667
2021-03-05,1139.708333
2021-03-06,924.5416667
2021-03-07,541.0416667
2021-03-08,1019.375
2021-03-09,2669.625
2021-03-10,3135.125
2021-03-11,4565.041667
2021-03-12,3667.708333
2021-03-13,3899.208333
2021-03-14,2990.666667
2021-03-15,989.4583333
2021-03-16,544.4166667
2021-03-17,226.9166667
2021-03-18,933.0833333
2021-03-19,711.5416667
2021-03-20,120.875
2021-03-21,158.5
2021-03-22,1027.583333
2021-03-23,2628.125
2021-03-24,1654.125
2021-03-25,3139.125
2021-03-26,3316.458333
2021-03-27,3584.75
2021-03-28,4312.73913
2021-03-29,3822.125
2021-03-30,1183.583333
2021-03-31,356.0
2021-04-01,1908.833333
2021-04-02,1113.583333
2021-04-03,326.375
2021-04-04,1660.833333
2021-04-05,2475.958333
2021-04-06,1283.25
2021-04-07,793.375
2021-04-08,2093.125
2021-04-09,824.1666667
2021-04-10,1178.291667
2021-04-11,716.0833333
2021-04-12,735.25
2021-04-13,209.2916667
2021-04-14,580.0
2021-04-15,1013.875
2021-04-16,1223.166667
2021-04-17,2399.083333
2021-04-18,1772.0
2021-04-19,949.0833333
2021-04-20,426.125
2021-04-21,1097.166667
2021-04-22,1589.208333
2021-04-23,2178.458333
2021-04-24,1852.583333
2021-04-25,1593.666667
2021-04-26,557.6666667
2021-04-27,1520.875
2021-04-28,1561.541667
2021-04-29,451.6666667
2021-04-30,304.7916667
2021-05-01,182.5833333
2021-05-02,409.0833333
2021-05-03,768.0
2021-05-04,919.2391305
2021-05-05,1070.478261
2021-05-06,723.7083333
2021-05-07,686.75
2021-05-08,2755.791667
2021-05-09,3413.541667
2021-05-10,1565.75
2021-05-11,1717.666667
2021-05-12,608.875
2021-05-13,441.125
2021-05-14,376.375
2021-05-15,764.625
2021-05-16,562.1666667
2021-05-17,1186.0
2021-05-18,528.6666667
2021-05-19,830.5833333
2021-05-20,3230.208333
2021-05-21,3290.291667
2021-05-22,1030.958333
2021-05-23,1759.708333
2021-05-24,1959.666667
2021-05-25,1491.291667
2021-05-26,253.2916667
2021-05-27,969.6666667
2021-05-28,390.375
2021-05-29,196.625
2021-05-30,628.9166667
2021-05-31,1448.166667
2021-06-01,571.625
2021-06-02,905.3333333
2021-06-03,2337.166667
2021-06-04,1854.208333
2021-06-05,623.7916667
2021-06-06,186.25
2021-06-07,931.125
2021-06-08,1732.416667
2021-06-09,2092.916667
2021-06-10,2500.5
2021-06-11,1543.0
2021-06-12,536.7083333
2021-06-13,627.375
2021-06-14,1004.125
2021-06-15,1807.5
2021-06-16,1046.083333
2021-06-17,993.1666667
2021-06-18,329.5
2021-06-19,599.7916667
2021-06-20,818.1666667
2021-06-21,2300.5
2021-06-22,662.875
2021-06-23,375.0
2021-06-24,629.3333333
2021-06-25,1407.375
2021-06-26,1324.833333
2021-06-27,996.5833333
2021-06-28,665.5
2021-06-29,695.75
2021-06-30,311.8333333
2021-07-01,197.25
2021-07-02,297.2916667
2021-07-03,882.4166667
2021-07-04,553.2916667
2021-07-05,352.25
2021-07-06,978.6666667
2021-07-07,890.75
2021-07-08,219.875
2021-07-09,327.5416667
2021-07-10,297.75
2021-07-11,382.9166667
2021-07-12,560.0833333
2021-07-13,398.2916667
2021-07-14,405.1666667
2021-07-15,381.5833333
2021-07-16,240.1666667
2021-07-17,263.4583333
2021-07-18,277.75
2021-07-19,549.2916667
2021-07-20,477.875
2021-07-21,573.25
2021-07-22,769.3333333
2021-07-23,887.7916667
2021-07-24,528.375
2021-07-25,386.7083333
2021-07-26,539.5833333
2021-07-27,544.4166667
2021-07-28,1399.625
2021-07-29,1935.041667
2021-07-30,935.0416667
2021-07-31,552.7916667
2021-08-01,818.875
2021-08-02,312.6666667
2021-08-03,284.125
2021-08-04,366.25
2021-08-05,1925.291667
2021-08-06,1970.583333
2021-08-07,2252.875
2021-08-08,1802.583333
2021-08-09,756.5416667
2021-08-10,398.4166667
2021-08-11,1111.25
2021-08-12,3000.208333
2021-08-13,2070.708333
2021-08-14,645.0416667
2021-08-15,620.625
2021-08-16,1555.333333
2021-08-17,1531.541667
2021-08-18,717.875
2021-08-19,418.9166667
2021-08-20,1099.125
2021-08-21,447.3333333
2021-08-22,259.3333333
2021-08-23,145.625
2021-08-24,370.9166667
2021-08-25,541.0
2021-08-26,249.9166667
2021-08-27,322.3333333
2021-08-28,239.2083333
2021-08-29,387.0
2021-08-30,607.7083333
2021-08-31,781.0
2021-09-01,818.4583333
2021-09-02,595.6666667
2021-09-03,391.0833333
2021-09-04,553.1666667
2021-09-05,476.5833333
2021-09-06,323.0833333
2021-09-07,653.1666667
2021-09-08,859.875
2021-09-09,242.2083333
2021-09-10,709.3333333
2021-09-11,568.875
2021-09-12,414.0
2021-09-13,363.4782609
2021-09-14,312.9565217
2021-09-15,262.4347826
2021-09-16,1158.583333
2021-09-17,1410.666667
2021-09-18,550.7916667
2021-09-19,638.7083333
2021-09-20,614.2916667
2021-09-21,699.125
2021-09-22,1999.416667
2021-09-23,1570.833333
2021-09-24,1731.291667
2021-09-25,980.0416667
2021-09-26,2367.0
2021-09-27,1826.458333
2021-09-28,1234.625
2021-09-29,1350.291667
2021-09-30,3134.666667
2021-10-01,2498.208333
2021-10-02,1508.291667
2021-10-03,1983.625
2021-10-04,1009.0
2021-10-05,888.9583333
2021-10-06,1263.0
2021-10-07,2987.375
2021-10-08,2130.541667
2021-10-09,928.6666667
2021-10-10,635.0833333
2021-10-11,309.7083333
2021-10-12,170.1666667
2021-10-13,424.0833333
2021-10-14,1188.541667
2021-10-15,355.375
2021-10-16,985.0416667
2021-10-17,1273.333333
2021-10-18,2022.458333
2021-10-19,2318.083333
2021-10-20,1553.791667
2021-10-21,2432.166667
2021-10-22,1372.208333
2021-10-23,3343.125
2021-10-24,2678.375
2021-10-25,1719.541667
2021-10-26,3387.916667
2021-10-27,3650.583333
2021-10-28,1306.5
2021-10-29,752.0
2021-10-30,837.9565217
2021-10-31,2668.28
2021-11-01,2675.0
2021-11-02,1182.347826
2021-11-03,2237.083333
2021-11-04,1045.625
2021-11-05,823.5833333
2021-11-06,2976.833333
2021-11-07,1474.875
2021-11-08,2481.5
2021-11-09,1531.25
2021-11-10,434.75
2021-11-11,1776.833333
2021-11-12,3406.0
2021-11-13,552.1304348
2021-11-14,714.625
2021-11-15,500.1666667
2021-11-16,1854.583333
2021-11-17,1874.083333
2021-11-18,2131.708333
2021-11-19,1311.666667
2021-11-20,1263.375
2021-11-21,1910.458333
2021-11-22,607.9583333
2021-11-23,367.5
2021-11-24,1671.75
2021-11-25,2205.416667
2021-11-26,4180.875
2021-11-27,3921.291667
2021-11-28,979.7083333
2021-11-29,822.7916667
2021-11-30,2557.291667
2021-12-01,3413.583333
2021-12-02,1259.333333
2021-12-03,2201.0
2021-12-04,3442.608696
2021-12-05,1503.958333
2021-12-06,3165.583333
2021-12-07,3296.0
2021-12-08,3893.541667
2021-12-09,2470.833333
2021-12-10,2480.958333
2021-12-11,1903.625
2021-12-12,2712.458333
2021-12-13,672.2916667
2021-12-14,1944.375
2021-12-15,2130.0
2021-12-16,932.4347826
2021-12-17,1260.0
2021-12-18,1478.73913
2021-12-19,1097.083333
2021-12-20,1757.333333
2021-12-21,2052.041667
2021-12-22,2719.208333
2021-12-23,1911.0
2021-12-24,1937.583333
2021-12-25,2937.75
2021-12-26,1323.916667
2021-12-27,763.625
2021-12-28,2065.916667
2021-12-29,2728.791667
2021-12-30,2465.125
2021-12-31,3296.0
2022-01-01,3747.25
2022-01-02,3244.875
2022-01-03,2112.875
2022-01-04,2193.583333
2022-01-05,779.5416667
2022-01-06,3640.833333
2022-01-07,3195.0
2022-01-08,4073.173913
2022-01-09,4225.0
2022-01-10,1439.434783
2022-01-11,1006.0
2022-01-12,869.0434783
2022-01-13,840.6666667
2022-01-14,675.7916667
2022-01-15,1138.0
2022-01-16,1277.652174
2022-01-17,1417.304348
2022-01-18,2708.666667
2022-01-19,2142.166667
2022-01-20,406.5833333
2022-01-21,451.0833333
2022-01-22,984.0
2022-01-23,1865.5
2022-01-24,589.75
2022-01-25,285.625
2022-01-26,1331.791667
2022-01-27,1312.833333
2022-01-28,2300.166667
2022-01-29,3032.833333
2022-01-30,2170.791667
2022-01-31,2765.083333
2022-02-01,3494.583333
2022-02-02,1751.708333
2022-02-03,2730.458333
2022-02-04,2400.0
2022-02-05,1626.0
2022-02-06,1915.73913
2022-02-07,2205.478261
2022-02-08,2495.217391
2022-02-09,2784.956522
2022-02-10,3074.695652
2022-02-11,3364.434783
2022-02-12,3654.173913
2022-02-13,1084.666667
2022-02-14,2583.708333
2022-02-15,2785.666667
2022-02-16,4084.625
2022-02-17,2920.5
2022-02-18,3543.625
2022-02-19,2603.708333
2022-02-20,4574.25
2022-02-21,3219.041667
2022-02-22,3249.375
2022-02-23,3321.208333
2022-02-24,3866.333333
2022-02-25,1685.875
2022-02-26,4555.416667
2022-02-27,2287.125
2022-02-28,1572.416667
2022-03-01,1848.208333
2022-03-02,1580.5
2022-03-03,1750.458333
2022-03-04,1342.916667
2022-03-05,632.5
2022-03-06,716.9166667
2022-03-07,3193.916667
2022-03-08,4212.666667
2022-03-09,2780.791667
2022-03-10,2697.791667
2022-03-11,2724.208333
2022-03-12,1851.0
2022-03-13,3199.695652
2022-03-14,1543.958333
2022-03-15,1636.0
2022-03-16,581.0833333
2022-03-17,2369.916667
2022-03-18,1866.791667
2022-03-19,4248.916667
2022-03-20,3275.0
2022-03-21,1753.541667
2022-03-22,3178.791667
2022-03-23,1267.25
2022-03-24,244.2083333
2022-03-25,163.0
2022-03-26,794.625
2022-03-27,700.2608696
2022-03-28,162.8333333
2022-03-29,156.4166667
2022-03-30,1071.625
2022-03-31,1520.333333
2022-04-01,541.2916667
2022-04-02,779.875
2022-04-03,792.7916667
2022-04-04,3463.333333
2022-04-05,3357.75
2022-04-06,3802.0
2022-04-07,2494.195652
2022-04-08,1186.391304
2022-04-09,1060.0
2022-04-10,2051.043478
2022-04-11,3759.25
2022-04-12,699.0416667
2022-04-13,270.7916667
2022-04-14,1337.583333
2022-04-15,464.375
2022-04-16,1836.333333
2022-04-17,1737.166667
2022-04-18,804.7916667
2022-04-19,424.2083333
2022-04-20,485.9583333
2022-04-21,2000.416667
2022-04-22,2529.0
2022-04-23,1922.985507
2022-04-24,1316.971014
2022-04-25,710.9565217
2022-04-26,552.5416667
2022-04-27,495.625
2022-04-28,172.6666667
2022-04-29,94.91666667
2022-04-30,380.625
2022-05-01,499.7916667
2022-05-02,302.0
2022-05-03,554.8369565
2022-05-04,807.673913
2022-05-05,1060.51087
2022-05-06,1313.347826
2022-05-07,135.75
2022-05-08,1243.375
2022-05-09,2926.666667
2022-05-10,3156.0
2022-05-11,2046.166667
2022-05-12,2120.125
2022-05-13,2854.333333
2022-05-14,387.7083333
2022-05-15,1054.875
2022-05-16,2177.083333
2022-05-17,2179.0
2022-05-18,3018.73913
2022-05-19,2777.375
2022-05-20,2271.583333
2022-05-21,1402.833333
2022-05-22,1224.125
2022-05-23,869.625
2022-05-24,862.5
2022-05-25,2655.291667
2022-05-26,2391.041667
2022-05-27,884.5416667
2022-05-28,235.625
2022-05-29,777.875
2022-05-30,692.6666667
2022-05-31,364.7916667
2022-06-01,175.875
2022-06-02,164.6666667
2022-06-03,473.125
2022-06-04,971.7083333
2022-06-05,745.3333333
2022-06-06,187.6666667
2022-06-07,520.7083333
2022-06-08,1697.333333
2022-06-09,1597.541667
2022-06-10,2023.0
2022-06-11,3155.782609
2022-06-12,1954.208333
2022-06-13,747.4583333
2022-06-14,409.875
2022-06-15,437.25
2022-06-16,775.875
2022-06-17,1211.416667
2022-06-18,1405.541667
2022-06-19,2118.083333
2022-06-20,625.7083333
2022-06-21,349.2083333
2022-06-22,228.75
2022-06-23,320.0
2022-06-24,974.630435
2022-06-25,1629.26087
2022-06-26,2547.791667
2022-06-27,1912.75
2022-06-28,3731.0
2022-06-29,2953.41064453125
2022-06-30,2543.507568359375
2022-07-01,1892.853759765625
2022-07-02,2734.520263671875
2022-07-03,2222.68798828125
2022-07-04,2136.7841796875
2022-07-05,1365.1810302734375
2022-07-06,1268.368896484375
2022-07-07,1494.7550048828125
2022-07-08,1901.6998291015625
2022-07-09,3011.31005859375
2022-07-10,2390.84130859375
2022-07-11,1963.2918701171875
2022-07-12,2271.9580078125
2022-07-13,2706.251953125
2022-07-14,1860.5025634765625
2022-07-15,2050.017333984375
2022-07-16,3196.447265625
2022-07-17,2988.801025390625
2022-07-18,2927.5771484375
2022-07-19,2865.880126953125
2022-07-20,2803.721923828125
2022-07-21,3049.599365234375
2022-07-22,2697.918701171875
2022-07-23,2332.777099609375
2022-07-24,3051.973876953125
2022-07-25,3248.822509765625
2022-07-26,2409.247314453125
2022-07-27,2787.756591796875
2022-07-28,2704.62646484375
2022-07-29,1827.3408203125
2022-07-30,1265.9698486328125
2022-07-31,1440.55712890625
2022-08-01,1762.331787109375
2022-08-02,968.8079223632812
2022-08-03,1275.5302734375
2022-08-04,1587.7958984375
2022-08-05,1901.4498291015625
2022-08-06,2679.62939453125
2022-08-07,2853.698486328125
2022-08-08,1990.2852783203125
2022-08-09,3279.052490234375
2022-08-10,2585.5556640625
2022-08-11,1641.5472412109375
2022-08-12,1079.88916015625
2022-08-13,1421.9981689453125
2022-08-14,1582.6917724609375
2022-08-15,1736.7154541015625
2022-08-16,1705.4971923828125
2022-08-17,1674.27734375
2022-08-18,2134.491455078125
2022-08-19,1473.5404052734375
2022-08-20,825.7877197265625
2022-08-21,1018.6179809570312
2022-08-22,769.587158203125
2022-08-23,831.2046508789062
2022-08-24,766.8690185546875
2022-08-25,761.6920776367188
2022-08-26,1085.6334228515625
2022-08-27,1014.031982421875
2022-08-28,942.9378051757812
2022-08-29,964.5482177734375
2022-08-30,1647.7401123046875
2022-08-31,3119.829345703125
2022-09-01,2883.969970703125
2022-09-02,3112.17919921875
2022-09-03,2982.33984375
2022-09-04,1799.969482421875
2022-09-05,2183.419677734375
2022-09-06,2718.02734375
2022-09-07,2437.655029296875
2022-09-08,2150.78369140625
2022-09-09,1696.770263671875
2022-09-10,2189.27783203125
2022-09-11,2730.946044921875
2022-09-12,2753.18994140625
2022-09-13,1670.51953125
2022-09-14,1378.026123046875
2022-09-15,1359.8988037109375
2022-09-16,2859.170166015625
2022-09-17,3019.48486328125
2022-09-18,2694.9501953125
2022-09-19,2699.544677734375
2022-09-20,2487.316162109375
2022-09-21,2977.968994140625
2022-09-22,3034.817626953125
2022-09-23,3111.91259765625
2022-09-24,3404.57421875
2022-09-25,3408.630615234375
2022-09-26,3703.25244140625
2022-09-27,2997.3310546875
2022-09-28,2220.742431640625
2022-09-29,1188.505859375
2022-09-30,1059.3558349609375
2022-10-01,1448.8997802734375
2022-10-02,763.7976684570312
2022-10-03,679.9669189453125
2022-10-04,1331.77685546875
2022-10-05,2005.972412109375
2022-10-06,1063.9478759765625
2022-10-07,1087.6876220703125
2022-10-08,1425.4537353515625
2022-10-09,1116.798095703125
2022-10-10,798.0632934570312
2022-10-11,1037.854736328125
2022-10-12,1951.9381103515625
2022-10-13,2000.055419921875
2022-10-14,1983.8973388671875
2022-10-15,1967.730712890625
2022-10-16,1951.5550537109375
2022-10-17,3065.130435
2022-10-18,2053.666667
2022-10-19,3371.708333
2022-10-20,2561.541667
2022-10-21,2428.541667
2022-10-22,1246.458333
2022-10-23,1097.208333
2022-10-24,1445.25
2022-10-25,2067.208333
2022-10-26,3827.666667
2022-10-27,2823.958333
2022-10-28,2161.583333
2022-10-29,2638.125
2022-10-30,3325.96
2022-10-31,2004.166667
2022-11-01,2294.791667
2022-11-02,4141.916667
2022-11-03,3790.0
2022-11-04,3688.101449
2022-11-05,3586.202899
2022-11-06,3484.304348
2022-11-07,3892.0
2022-11-08,3312.5
2022-11-09,2733.0
2022-11-10,3896.0
2022-11-11,4232.347826
2022-11-12,2852.875
2022-11-13,3458.25
2022-11-14,3323.333333
2022-11-15,1953.458333
2022-11-16,1093.5
2022-11-17,1362.208333
2022-11-18,1854.125
2022-11-19,629.0
2022-11-20,1108.275362
2022-11-21,1587.550725
2022-11-22,2066.826087
2022-11-23,3283.0
2022-11-24,3566.173913
2022-11-25,2203.0
2022-11-26,4284.869565
2022-11-27,3132.125
2022-11-28,1669.666667
2022-11-29,804.0
2022-11-30,1333.73913
2022-12-01,1579.75
2022-12-02,1815.0
2022-12-03,1767.326087
2022-12-04,1719.652174
2022-12-05,2425.0
2022-12-06,1412.76087
2022-12-07,400.5217391
2022-12-08,707.7083333
2022-12-09,309.5833333
2022-12-10,409.25
2022-12-11,305.1666667
2022-12-12,296.75
2022-12-13,813.0
2022-12-14,700.4782609
2022-12-15,587.9565217
2022-12-16,622.25
2022-12-17,1679.125
2022-12-18,4010.875
2022-12-19,3616.0
2022-12-20,3997.869565
2022-12-21,3779.208333
2022-12-22,1911.625
2022-12-23,2500.666667
2022-12-24,3345.0
2022-12-25,2897.586957
2022-12-26,2450.173913
2022-12-27,1754.0
2022-12-28,2509.73913
2022-12-29,3365.916667
2022-12-30,3402.0
2022-12-31,1713.913043
2023-01-01,1266.208333
2023-01-02,1238.333333
2023-01-03,3575.166667
2023-01-04,3841.375
2023-01-05,3307.708333
2023-01-06,3315.125
2023-01-07,2976.0
2023-01-08,3771.913043
2023-01-09,3867.125
2023-01-10,3997.416667
2023-01-11,4505.625
2023-01-12,4512.833333
2023-01-13,5050.0
2023-01-14,3804.26087
2023-01-15,2558.521739
2023-01-16,973.4583333
2023-01-17,771.7916667
2023-01-18,1375.0
2023-01-19,300.173913
2023-01-20,163.0
2023-01-21,1195.043479
2023-01-22,2227.086957
2023-01-23,779.0
2023-01-24,816.2173913
2023-01-25,1339.041667
2023-01-26,861.75
2023-01-27,355.75
2023-01-28,738.0
2023-01-29,2144.173913
2023-01-30,2218.0
2023-01-31,2193.195652
2023-02-01,2168.391305
2023-02-02,2143.586957
2023-02-03,2118.782609
2023-02-04,2011.0
2023-02-05,2335.0
2023-02-06,2659.0
2023-02-07,2064.0
2023-02-08,1719.304348
2023-02-09,1374.608696
2023-02-10,1521.0
2023-02-11,1491.124638
2023-02-12,1461.249275
2023-02-13,1431.373913
2023-02-14,1401.498551
2023-02-15,1371.623188
2023-02-16,1341.747826
2023-02-17,1311.872464
2023-02-18,1281.997101
2023-02-19,1252.121739
2023-02-20,1222.246377
2023-02-21,1192.371014
2023-02-22,1162.495652
2023-02-23,1132.62029
2023-02-24,1102.744927
2023-02-25,1072.869565
2023-02-26,1337.0
2023-02-27,1178.536232
2023-02-28,1020.072464
2023-03-01,861.6086957
2023-03-02,395.6666667
2023-03-03,77.0
2023-03-04,63.04347826
2023-03-05,53.0
2023-03-06,930.5652174
2023-03-07,722.0
2023-03-08,1699.913043
2023-03-09,2496.416667
2023-03-10,1359.333333
2023-03-11,1585.0
2023-03-12,2182.652174
2023-03-13,3609.0
2023-03-14,2524.130435
2023-03-15,1581.291667
2023-03-16,2914.833333
2023-03-17,1837.0
2023-03-18,1136.913044
2023-03-19,436.826087
2023-03-20,962.0
2023-03-21,2512.521739
2023-03-22,4044.0
2023-03-23,3865.717392
2023-03-24,3687.434783
2023-03-25,1769.5
2023-03-26,1307.391304
2023-03-27,776.0
2023-03-28,2951.608696
2023-03-29,1602.0
2023-03-30,2127.565217
2023-03-31,1059.0
2023-04-01,2169.608696
2023-04-02,524.3333333
2023-04-03,922.0
2023-04-04,1367.369565
2023-04-05,1812.73913
2023-04-06,939.0
