Time,Load Forecast,Actual Load
01/01/2018,3003.583333,3029.6875
02/01/2018,3640.854167,3744.604167
03/01/2018,3808.104167,3666.625
04/01/2018,2887.5625,3101.1875
05/01/2018,3378.270833,3342.958333
06/01/2018,3131.458333,3157.770833
07/01/2018,2616.395833,2721.583333
08/01/2018,3100.5,3088.020833
09/01/2018,2911.604167,2966.270833
10/01/2018,3352.25,3259.291667
11/01/2018,3605.541667,3599.208333
12/01/2018,3573.916667,3400.979167
13/01/2018,3273.395833,3398.729167
14/01/2018,3102.604167,3257.083333
15/01/2018,3529.145833,3597.895833
16/01/2018,3631.833333,3813.9375
17/01/2018,3722.854167,3831.770833
18/01/2018,3686.645833,3727.895833
19/01/2018,3633.708333,3709.979167
20/01/2018,3353.791667,3466.270833
21/01/2018,3170.541667,3308.458333
22/01/2018,3611.229167,3586.4375
23/01/2018,3658.604167,3577.916667
24/01/2018,3643.979167,3649.541667
25/01/2018,3685.666667,3705.5
26/01/2018,3591.0625,3649.375
27/01/2018,3285.666667,3339.1875
28/01/2018,3090.666667,3191.895833
29/01/2018,3514.833333,3541.1875
30/01/2018,3610.4375,3683.5625
31/01/2018,3626.0625,3725.708333
01/02/2018,3108.770833,3433.5625
02/02/2018,3567.104167,3702.916667
03/02/2018,3781.625,3404.791667
04/02/2018,2923.8125,3214.9375
05/02/2018,3377.020833,3317.0625
06/02/2018,2848.8125,2899.145833
07/02/2018,2994.979167,3064.020833
08/02/2018,3114.958333,3136.5625
09/02/2018,2797.75,2794.895833
10/02/2018,3408.375,3319.333333
11/02/2018,3622.166667,3645.1875
12/02/2018,3416.041667,3239.791667
13/02/2018,3708.916667,3763.0625
14/02/2018,3671.625,3748.520833
15/02/2018,3657.916667,3745.083333
16/02/2018,3597.5625,3707.6875
17/02/2018,3228.791667,3384.020833
18/02/2018,3044.895833,3222.104167
19/02/2018,3506,3530.479167
20/02/2018,3637.375,3618.75
21/02/2018,3612.395833,3678.395833
22/02/2018,3577.041667,3663.5
23/02/2018,3569.291667,3685.604167
24/02/2018,3263.520833,3444.729167
25/02/2018,3083.4375,3298.979167
26/02/2018,3552.645833,3791.833333
27/02/2018,3664.270833,3883.895833
28/02/2018,3659.375,3888.791667
01/03/2018,3712.354167,3615.166667
02/03/2018,3291.145833,3420.8125
03/03/2018,3457.583333,3424.333333
04/03/2018,3356.041667,3445.770833
05/03/2018,3359.166667,3360.020833
06/03/2018,2701.916667,2718.375
07/03/2018,3065.416667,3135.875
08/03/2018,3079.291667,3123.041667
09/03/2018,3141.625,3047.9375
10/03/2018,3410.166667,3347.875
11/03/2018,3325.458333,3332.75
12/03/2018,3831.1875,3535.583333
13/03/2018,3667.979167,3675.479167
14/03/2018,3664.041667,3800.145833
15/03/2018,3659.604167,3672.9375
16/03/2018,3538.395833,3606.958333
17/03/2018,3301.875,3332.9375
18/03/2018,3146.166667,3395.520833
19/03/2018,3143.729167,3415.3125
20/03/2018,3551.708333,3671.229167
21/03/2018,3664.3125,3708.125
22/03/2018,3585.6875,3681.854167
23/03/2018,3593.25,3570.979167
24/03/2018,3294.5,3241.1875
25/03/2018,3330,3115.217391
26/03/2018,3571,3500.708333
27/03/2018,3639.479167,3544.354167
28/03/2018,3654.270833,3526.4375
29/03/2018,3611.729167,3585.583333
30/03/2018,3341.5,3474.75
31/03/2018,3217.708333,3243.25
01/04/2018,3477.875,3622.541667
02/04/2018,3088.645833,3275
03/04/2018,3274.166667,3407.729167
04/04/2018,3372.354167,3565.395833
05/04/2018,3272.229167,3267.4375
06/04/2018,2760.458333,2764.229167
07/04/2018,3081.8125,3146.73913
08/04/2018,2796.875,2847
09/04/2018,3197.875,3156.9375
10/04/2018,3413.166667,3353.895833
11/04/2018,3164.020833,3107.395833
12/04/2018,3897.333333,3800.604167
13/04/2018,3364.895833,3435.145833
14/04/2018,3105.583333,3181.791667
15/04/2018,2954.166667,3115.8125
16/04/2018,3291.8125,3461.604167
17/04/2018,3395.979167,3478.520833
18/04/2018,3410.291667,3400.1875
19/04/2018,3373.645833,3324.729167
20/04/2018,3335.4375,3229.041667
21/04/2018,3047.041667,2958.4375
22/04/2018,2947.020833,2826.583333
23/04/2018,3315.541667,3202.673913
24/04/2018,3331.5,3359.75
25/04/2018,3336.0625,3343.041667
26/04/2018,3335.458333,3365.0625
27/04/2018,3284.458333,3344.1875
28/04/2018,3005.3125,3102.152174
29/04/2018,2893.708333,2952.1875
30/04/2018,3216.479167,3248.604167
01/05/2018,3358.041667,3635.625
02/05/2018,3558.416667,3700.604167
03/05/2018,3748.145833,3803.166667
04/05/2018,3381.333333,3613.3125
05/05/2018,3012.229167,2978.666667
06/05/2018,3129.4375,3092.229167
07/05/2018,3075.854167,3153.708333
08/05/2018,2611.020833,2671.145833
09/05/2018,3205.291667,3192.541667
10/05/2018,3404.333333,3306.5
11/05/2018,3448.4375,3501.916667
12/05/2018,3929.229167,3724.020833
13/05/2018,2822.583333,2825.604167
14/05/2018,3181.145833,3161.6875
15/05/2018,3207.458333,3196.854167
16/05/2018,3221.291667,3122.791667
17/05/2018,3227.791667,3133.833333
18/05/2018,3192.645833,3107.479167
19/05/2018,2901.625,2883.666667
20/05/2018,2789.166667,2801.5
21/05/2018,3156.583333,3133.208333
22/05/2018,3234.583333,3168.291667
23/05/2018,3232.875,3166.229167
24/05/2018,3232.229167,3193.0625
25/05/2018,3197.666667,3126.166667
26/05/2018,2921.645833,2892.5
27/05/2018,2786.625,2772.958333
28/05/2018,3154.770833,3127.979167
29/05/2018,3184.3125,3183.770833
30/05/2018,3186.791667,3177.3125
31/05/2018,3212.375,3197.916667
01/06/2018,3123.333333,3384.9375
02/06/2018,3635.291667,3766.625
03/06/2018,3809.854167,3790.791667
04/06/2018,3368.25,3564.958333
05/06/2018,2850.395833,2784.1875
06/06/2018,3162.083333,3125.5625
07/06/2018,3038.25,3123.9375
08/06/2018,2713.125,2735.916667
09/06/2018,3250.708333,3203.229167
10/06/2018,3150.020833,3045.625
11/06/2018,3647.3125,3565.826087
12/06/2018,3968.270833,3678.520833
13/06/2018,3165.770833,3128.083333
14/06/2018,3170.5,3149.520833
15/06/2018,3155.354167,3082.5625
16/06/2018,2856.979167,2848.75
17/06/2018,2726.770833,2737.229167
18/06/2018,3115.395833,3095.5625
19/06/2018,3168.145833,3160.5625
20/06/2018,3201.791667,3115.208333
21/06/2018,3158.979167,3113.583333
22/06/2018,3098.6875,3099.8125
23/06/2018,2830.416667,2859.604167
24/06/2018,2721.104167,2746
25/06/2018,3115.0625,3122.166667
26/06/2018,3178.354167,3202.5625
27/06/2018,3187.416667,3219.875
28/06/2018,3178.791667,3233.604167
29/06/2018,3138.625,3179.729167
30/06/2018,2861,2887.291667
01/07/2018,2983.125,3305.4375
02/07/2018,3671.458333,3820.166667
03/07/2018,3789.0625,3720.8125
04/07/2018,3135.270833,3233.041667
05/07/2018,2862.604167,2820.979167
06/07/2018,3163.479167,3143.520833
07/07/2018,2747.3125,2874.375
08/07/2018,3079.979167,2982.458333
09/07/2018,3207.229167,3174.229167
10/07/2018,3017.458333,2989
11/07/2018,3709.333333,3548.041667
12/07/2018,3912.333333,3702.395833
13/07/2018,2458,3128.833333
14/07/2018,2800.152174,2832.645833
15/07/2018,2637.479167,2730.041667
16/07/2018,3024.958333,3052.875
17/07/2018,3052.458333,3104.875
18/07/2018,3065.270833,3132.354167
19/07/2018,3067.020833,3109.416667
20/07/2018,3047.645833,3120.708333
21/07/2018,2785.979167,2872.354167
22/07/2018,2636.166667,2788.3125
23/07/2018,3045.604167,3119.354167
24/07/2018,3092.270833,3096.416667
25/07/2018,3077.833333,3091.104167
26/07/2018,3073.729167,3162.5
27/07/2018,3021.604167,3117.645833
28/07/2018,2743.020833,2815.0625
29/07/2018,2618.895833,2696.145833
30/07/2018,2983.875,2963.6875
31/07/2018,3016.895833,3058.479167
01/08/2018,3467.3125,3747.5625
02/08/2018,3665.333333,3706.895833
03/08/2018,3731.375,3729.4375
04/08/2018,2982.395833,3048.208333
05/08/2018,3232.166667,3097.854167
06/08/2018,3126.833333,3126.5
07/08/2018,2599.395833,2744.625
08/08/2018,3109.166667,3019.291667
09/08/2018,2957.5,2954.395833
10/08/2018,3414.666667,3324.25
11/08/2018,3724.895833,3579.791667
12/08/2018,3614.3125,3449.395833
13/08/2018,3093.833333,3071.229167
14/08/2018,3156.604167,3138.979167
15/08/2018,3192.416667,3137.333333
16/08/2018,3191.416667,3076.208333
17/08/2018,3148.833333,3099.625
18/08/2018,2884.145833,2912.1875
19/08/2018,2761.875,2788.041667
20/08/2018,3161.729167,3149.208333
21/08/2018,3224.208333,3196.875
22/08/2018,3242.270833,3191.520833
23/08/2018,3250.208333,3148.708333
24/08/2018,3207.791667,3089.666667
25/08/2018,2947.583333,2881.166667
26/08/2018,2811.416667,2769.958333
27/08/2018,3203.229167,3095.020833
28/08/2018,3247.979167,3182.770833
29/08/2018,3262.416667,3174.875
30/08/2018,3254.333333,3209.979167
31/08/2018,3218.0625,3171.875
01/09/2018,3547.083333,3796.916667
02/09/2018,3641.479167,3702.6875
03/09/2018,3684.604167,3753.020833
04/09/2018,3296.791667,3393.229167
05/09/2018,3296.083333,3222.833333
06/09/2018,2850.145833,2859.770833
07/09/2018,3007.208333,3085.458333
08/09/2018,3121.1875,3052.5625
09/09/2018,2829.8125,2814.958333
10/09/2018,3476.791667,3391.083333
11/09/2018,3629.979167,3665.541667
12/09/2018,3423.041667,3276.5625
13/09/2018,3246.458333,3186.583333
14/09/2018,3214.791667,3175.020833
15/09/2018,2941.895833,2989.145833
16/09/2018,2833.6875,2860.145833
17/09/2018,3214.4375,3155.875
18/09/2018,3248.895833,3203.854167
19/09/2018,3269.4375,3199
20/09/2018,3275.291667,3293.458333
21/09/2018,3238.0625,3256
22/09/2018,2987.8125,3028.208333
23/09/2018,2862.854167,2898.0625
24/09/2018,3204.979167,3229.75
25/09/2018,3279.375,3374.645833
26/09/2018,3298.8125,3406.208333
27/09/2018,3278.833333,3327.708333
28/09/2018,3247.666667,3274.229167
29/09/2018,2989.75,3043.583333
30/09/2018,2858.395833,2898.5
01/10/2018,3601.895833,3773.541667
02/10/2018,3324.458333,3416.604167
03/10/2018,3393.75,3414.791667
04/10/2018,3407.3125,3517.9375
05/10/2018,3286.895833,3181.541667
06/10/2018,2723.3125,2713.520833
07/10/2018,3045.291667,3120.479167
08/10/2018,3095.916667,3046.958333
09/10/2018,3184.083333,3166.958333
10/10/2018,3470.3125,3391.645833
11/10/2018,3380.833333,3312.5625
12/10/2018,3457.5,3693.479167
13/10/2018,3185.666667,3105.958333
14/10/2018,3056.833333,2922.145833
15/10/2018,3475.479167,3260.833333
16/10/2018,3464.708333,3366.020833
17/10/2018,3538.5,3356.729167
18/10/2018,3550.5,3428.541667
19/10/2018,3523.270833,3360.145833
20/10/2018,3251.5625,3096.4375
21/10/2018,3117.833333,2977.0625
22/10/2018,3487.604167,3350.5625
23/10/2018,3577.8125,3435.9375
24/10/2018,3605.666667,3488.625
25/10/2018,3607.395833,3466.395833
26/10/2018,3541.0625,3401.770833
27/10/2018,3242.145833,3208.145833
28/10/2018,2892.5,3106.913043
29/10/2018,3131.5,3142.145833
30/10/2018,3562.75,3518.354167
31/10/2018,3539.208333,3553.104167
01/11/2018,3610.979167,3779.0625
02/11/2018,3188.333333,3298.5
03/11/2018,3194.75,3213.625
04/11/2018,3408.958333,3534.895833
05/11/2018,3245.625,3228.791667
06/11/2018,3068.104167,3038.416667
07/11/2018,3062.0625,3162.583333
08/11/2018,2854.666667,2882.8125
09/11/2018,3242.833333,3229.979167
10/11/2018,3480.395833,3342.083333
11/11/2018,3258.645833,3166.541667
12/11/2018,3938.543478,3776.895833
13/11/2018,3791.729167,3635.8125
14/11/2018,3764.625,3666.9375
15/11/2018,3770.583333,3612.625
16/11/2018,3756.729167,3545.4375
17/11/2018,3471,3330.416667
18/11/2018,3324.041667,3160.375
19/11/2018,3689.4375,3562.875
20/11/2018,3773.395833,3658.291667
21/11/2018,3791.520833,3746.6875
22/11/2018,3831.9375,3728.958333
23/11/2018,3837.5625,3690.4375
24/11/2018,3569.416667,3380.5
25/11/2018,3423.5625,3242.583333
26/11/2018,3878.770833,3636.520833
27/11/2018,3930.833333,3758.75
28/11/2018,3956.708333,3799.086957
29/11/2018,3942.979167,3687.3125
30/11/2018,3872.020833,3688.979167
01/12/2018,3605.5,3742.208333
02/12/2018,3615.875,3711.729167
03/12/2018,3616.041667,3587.9375
04/12/2018,3422.541667,3511.291667
05/12/2018,2961.520833,2960.833333
06/12/2018,3155.395833,3092.958333
07/12/2018,3064.041667,3144.6875
08/12/2018,2674.916667,2792.791667
09/12/2018,3238.958333,3212.291667
10/12/2018,3444.166667,3372.625
11/12/2018,3713.208333,3524.833333
12/12/2018,3936.75,3738.708333
13/12/2018,3921.5,3808.125
14/12/2018,3879.75,3771.208333
15/12/2018,3620.25,3538.166667
16/12/2018,3457.479167,3369.916667
17/12/2018,3888.395833,3777.145833
18/12/2018,3964.395833,3770.869565
19/12/2018,3964.083333,3754.645833
20/12/2018,3923.416667,3722.125
21/12/2018,3885.520833,3599.958333
22/12/2018,3581.625,3329.520833
23/12/2018,3418.6875,3214.854167
24/12/2018,3459.354167,3220
25/12/2018,3461.708333,2949.1875
26/12/2018,3138.0625,2835.541667
27/12/2018,3516.5,3075.166667
28/12/2018,3420.833333,3166.895833
29/12/2018,3290.145833,3093.833333
30/12/2018,3235.145833,3005.75
31/12/2018,3432.291667,3148.3125
01/01/2019,4038.354167,3017.854167
02/01/2019,3749.479167,3852.666667
03/01/2019,3682.416667,3524.291667
04/01/2019,3345.695652,3421.604167
05/01/2019,3317.291667,3330.791667
06/01/2019,3057.1875,2934.75
07/01/2019,3276.333333,3060.833333
08/01/2019,3295.6875,3106.895833
09/01/2019,2998,2798.9375
10/01/2019,3565,3333.145833
11/01/2019,3641.270833,3529.9375
12/01/2019,3477.458333,3395.458333
13/01/2019,3484.333333,3238.708333
14/01/2019,3891.520833,3562.8125
15/01/2019,3972.541667,3605.75
16/01/2019,4043.520833,3619.041667
17/01/2019,4034.916667,3757.6875
18/01/2019,3968.958333,3697.541667
19/01/2019,3709.75,3408.916667
20/01/2019,3538.958333,3253.520833
21/01/2019,3933.166667,3771.583333
22/01/2019,3987.458333,3826.395833
23/01/2019,3976.333333,3860.5
24/01/2019,4002.520833,3774.270833
25/01/2019,3925.5625,3621.916667
26/01/2019,3638.083333,3377.666667
27/01/2019,3456.916667,3352.020833
28/01/2019,3847.1875,3714.083333
29/01/2019,3929.354167,3785.6875
30/01/2019,3948.458333,3872.166667
31/01/2019,3992.229167,3921.1875
01/02/2019,4130.666667,3441.645833
02/02/2019,3489.9375,3567.3125
03/02/2019,3396.583333,3371.8125
04/02/2019,3463.875,3524.270833
05/02/2019,3304.6875,3321.833333
06/02/2019,2885.625,2732.3125
07/02/2019,3383.791667,3159
08/02/2019,3256.708333,3087.520833
09/02/2019,3386.666667,3131.145833
10/02/2019,3560.895833,3416.104167
11/02/2019,3314.479167,3283.166667
12/02/2019,3929.958333,3860.1875
13/02/2019,3811,3663.854167
14/02/2019,3812.104167,3606.0625
15/02/2019,3746.5625,3595.666667
16/02/2019,3419.979167,3332.645833
17/02/2019,3255.854167,3159.6875
18/02/2019,3596.083333,3561.9375
19/02/2019,3677.270833,3684.770833
20/02/2019,3748.145833,3649.208333
21/02/2019,3744.4375,3611.9375
22/02/2019,3717.25,3559.479167
23/02/2019,3437.1875,3276.458333
24/02/2019,3279.708333,3173.604167
25/02/2019,3707.229167,3423.875
26/02/2019,3792.6875,3482.958333
27/02/2019,3778.333333,3535.104167
28/02/2019,3789.479167,3557.479167
01/03/2019,3741.541667,3582.333333
02/03/2019,3308.520833,3405.229167
03/03/2019,3246.9375,3306.1875
04/03/2019,3505.208333,3638.895833
05/03/2019,3220.229167,3279.458333
06/03/2019,2896.625,2780.6875
07/03/2019,3405.854167,3155.708333
08/03/2019,2972.458333,2837.104167
09/03/2019,3453,3220.916667
10/03/2019,3564.0625,3436.270833
11/03/2019,3140.833333,3194.791667
12/03/2019,4008.041667,3812.104167
13/03/2019,3583.270833,3753.3125
14/03/2019,3584.479167,3683.125
15/03/2019,3468.604167,3601.354167
16/03/2019,3256.333333,3341.395833
17/03/2019,3111.375,3162.520833
18/03/2019,3161.5625,3217.520833
19/03/2019,3461.833333,3515.25
20/03/2019,3580.791667,3569.5
21/03/2019,3500.333333,3525.270833
22/03/2019,3512.1875,3524.291667
23/03/2019,3244.166667,3310.458333
24/03/2019,3055.4375,3162.458333
25/03/2019,3454.291667,3480.583333
26/03/2019,3539.5625,3508.125
27/03/2019,3549.625,3483.166667
28/03/2019,3512.416667,3446
29/03/2019,3413.625,3396.375
30/03/2019,3177.75,3196.708333
31/03/2019,3168,3052.782609
01/04/2019,3663.875,3593.75
02/04/2019,3731.416667,3679.5
03/04/2019,3670.166667,3628.145833
04/04/2019,3491.229167,3651.791667
05/04/2019,2974.583333,3079.854167
06/04/2019,3332.395833,3195.833333
07/04/2019,3395.041667,3162.291667
08/04/2019,2793.229167,2716.479167
09/04/2019,3465.375,3217.1875
10/04/2019,3576,3364.5
11/04/2019,3719.041667,3557.875
12/04/2019,4053.75,3756.666667
13/04/2019,3110.958333,3266.4375
14/04/2019,2967.604167,3199.479167
15/04/2019,3285.229167,3645.229167
16/04/2019,3400.104167,3567.875
17/04/2019,3409.583333,3523.479167
18/04/2019,3371.666667,3421.375
19/04/2019,3315.104167,3270.979167
20/04/2019,3045.5625,3049.333333
21/04/2019,2876.166667,2837.895833
22/04/2019,2933.458333,2837.729167
23/04/2019,3313.291667,3174.333333
24/04/2019,3317.0625,3291.291667
25/04/2019,3320.0625,3314.458333
26/04/2019,3303.729167,3296.354167
27/04/2019,2998.583333,3110.520833
28/04/2019,2896.666667,2989.458333
29/04/2019,3183.083333,3304.395833
30/04/2019,3324.229167,3399.791667
01/05/2019,3500.895833,3343.5
02/05/2019,3796.708333,3751.9375
03/05/2019,3726.708333,3645.125
04/05/2019,3422.083333,3595.395833
05/05/2019,2805.333333,2929.625
06/05/2019,3387.520833,3209.958333
07/05/2019,3355.020833,3142.25
08/05/2019,2844.3125,2696.520833
09/05/2019,3514.479167,3215.604167
10/05/2019,3316.541667,3126.791667
11/05/2019,3678.125,3620.895833
12/05/2019,4096.854167,3788.458333
13/05/2019,3125.375,3124.291667
14/05/2019,3156.770833,3166.5
15/05/2019,3170.0625,3167.270833
16/05/2019,3176.666667,3193.708333
17/05/2019,3143.729167,3197.416667
18/05/2019,2865.666667,2968.270833
19/05/2019,2748.958333,2844.708333
20/05/2019,3106.5625,3147.708333
21/05/2019,3184.6875,3226.520833
22/05/2019,3185.041667,3249.625
23/05/2019,3179,3277.125
24/05/2019,3148.208333,3245.645833
25/05/2019,2886.791667,2981.958333
26/05/2019,2748.416667,2858.1875
27/05/2019,3105.458333,3125.208333
28/05/2019,3135.333333,3228.8125
29/05/2019,3136.375,3242.291667
30/05/2019,3157.229167,3234.833333
31/05/2019,3090.1875,3160.291667
01/06/2019,3389.625,3188.3125
02/06/2019,3815.5,3702.770833
03/06/2019,3699.416667,3667.604167
04/06/2019,3147.9375,3248.9375
05/06/2019,2835.229167,2973.833333
06/06/2019,3394.791667,3167.695652
07/06/2019,3023.083333,2891.125
08/06/2019,3247.666667,2996.041667
09/06/2019,3454.958333,3186.458333
10/06/2019,3135.9375,2971.416667
11/06/2019,3744.354167,3676.583333
12/06/2019,4022.9375,3622.166667
13/06/2019,3375.979167,3199.5
14/06/2019,3374.3125,3214.9375
15/06/2019,3056.25,2930
16/06/2019,2884.895833,2813.729167
17/06/2019,3296.083333,3078.479167
18/06/2019,3375.229167,3172.666667
19/06/2019,3417.9375,3167.75
20/06/2019,3363.520833,3148.75
21/06/2019,3275.208333,3117.833333
22/06/2019,3002.208333,2876.083333
23/06/2019,2868.729167,2781.75
24/06/2019,3278.125,3145.520833
25/06/2019,3354.895833,3218.895833
26/06/2019,3378.083333,3198.208333
27/06/2019,3352.666667,3181.229167
28/06/2019,3317.145833,3156.5625
29/06/2019,3015.520833,2883.8125
30/06/2019,2868.125,2742.479167
01/07/2019,3829.208333,3570.166667
02/07/2019,3815.708333,3742.5
03/07/2019,3647.416667,3686.479167
04/07/2019,2993.645833,3121.5
05/07/2019,3179,3299.041667
06/07/2019,3346.979167,3152.854167
07/07/2019,2828.833333,2739.833333
08/07/2019,3286.125,3100.25
09/07/2019,3166.8125,2981.625
10/07/2019,3559.895833,3322.25
11/07/2019,3767.604167,3683.604167
12/07/2019,3714.5625,3351.25
13/07/2019,3050.1875,2872.270833
14/07/2019,2867.895833,2753.4375
15/07/2019,3282.854167,3101.208333
16/07/2019,3334.875,3191.291667
17/07/2019,3350.208333,3143.104167
18/07/2019,3347.770833,3130.083333
19/07/2019,3320.333333,3184.041667
20/07/2019,3030.979167,2871.333333
21/07/2019,2849.833333,2802.4375
22/07/2019,3290.645833,3188.833333
23/07/2019,3379.333333,3163.104167
24/07/2019,3363.625,3140.708333
25/07/2019,3349.666667,3198.666667
26/07/2019,3284.25,3072.875
27/07/2019,2969.333333,2832.020833
28/07/2019,2818.395833,2714.1875
29/07/2019,3190,3046.125
30/07/2019,3258.0625,3088.0625
31/07/2019,3254.708333,3100.875
01/08/2019,3931.333333,3632.354167
02/08/2019,3780.270833,3785.104167
03/08/2019,3602.625,3635.583333
04/08/2019,3292.875,3474.166667
05/08/2019,3241.6875,3338.395833
06/08/2019,3061.875,2881.541667
07/08/2019,3273.583333,3117.791667
08/08/2019,3293.729167,3140.916667
09/08/2019,3040.895833,2855
10/08/2019,3646.145833,3368.9375
11/08/2019,3650.4375,3660.4375
12/08/2019,3487.875,3287.875
13/08/2019,3332.354167,3174.75
14/08/2019,3379.916667,3209.875
15/08/2019,3373.5,3159.458333
16/08/2019,3318.1875,3186.333333
17/08/2019,3027.5,2883.625
18/08/2019,2898.125,2777.083333
19/08/2019,3313.145833,3048.583333
20/08/2019,3405.104167,3164.625
21/08/2019,3428.666667,3222.958333
22/08/2019,3424.979167,3255.708333
23/08/2019,3387.229167,3191.333333
24/08/2019,3103.333333,2978.9375
25/08/2019,2956.458333,2856.791667
26/08/2019,3361.604167,3134.5625
27/08/2019,3425.020833,3258.291667
28/08/2019,3431.25,3185.375
29/08/2019,3417.854167,3228.25
30/08/2019,3376.25,3233.666667
31/08/2019,3084.520833,2927.958333
01/09/2019,3976.479167,3653.479167
02/09/2019,3510.208333,3497.229167
03/09/2019,3337.479167,3357.208333
04/09/2019,3415.958333,3505.979167
05/09/2019,3234.625,3345.458333
06/09/2019,2905.6875,2798.5625
07/09/2019,3342.25,3186.833333
08/09/2019,3271.354167,3123.604167
09/09/2019,3431.5,3130.041667
10/09/2019,3639.916667,3394.354167
11/09/2019,3371.979167,3395.3125
12/09/2019,3994.166667,3690.0625
13/09/2019,3464.4375,3189.25
14/09/2019,3157.333333,2920
15/09/2019,3039.395833,2861.270833
16/09/2019,3468.791667,3211
17/09/2019,3509.166667,3253.854167
18/09/2019,3541.208333,3263.75
19/09/2019,3547.75,3251.354167
20/09/2019,3495.083333,3179.895833
21/09/2019,3212.0625,3000.416667
22/09/2019,3070.4375,2926.5625
23/09/2019,3444.0625,3188.416667
24/09/2019,3531.666667,3264.604167
25/09/2019,3566.6875,3308.208333
26/09/2019,3535.0625,3262
27/09/2019,3496.145833,3245.166667
28/09/2019,3214.229167,3043.125
29/09/2019,3060.75,2921.104167
30/09/2019,3468.270833,3294.125
01/10/2019,3963.6875,3608.5
02/10/2019,3392.875,3356.9375
03/10/2019,3170.104167,3287.895833
04/10/2019,3417.4375,3483.583333
05/10/2019,3195.5625,3302.9375
06/10/2019,3226.958333,3086.041667
07/10/2019,3368.4375,3180.229167
08/10/2019,3010.125,2950.354167
09/10/2019,3511.270833,3242.604167
10/10/2019,3641.208333,3411.770833
11/10/2019,3256.791667,3329.6875
12/10/2019,4046.3125,3728.625
13/10/2019,3184.208333,2990.895833
14/10/2019,3454.583333,3346.586957
15/10/2019,3609.708333,3409.5
16/10/2019,3706.604167,3331.347826
17/10/2019,3717.916667,3357.375
18/10/2019,3702.333333,3386.166667
19/10/2019,3412.375,3150.270833
20/10/2019,3254.291667,3037.804348
21/10/2019,3642.729167,3423.043478
22/10/2019,3762.229167,3504.75
23/10/2019,3791.333333,3551.020833
24/10/2019,3788.0625,3480.708333
25/10/2019,3713.645833,3623.75
26/10/2019,3395.833333,3273.5625
27/10/2019,3149.5,3143.326087
28/10/2019,3251.76087,3217.291667
29/10/2019,3737.458333,3542.895833
30/10/2019,3725.208333,3590.583333
31/10/2019,3698.604167,3556.833333
01/11/2019,3965.729167,3565.25
02/11/2019,3781.541667,3662.625
03/11/2019,3546.208333,3671.770833
04/11/2019,3419.3125,3484.3125
05/11/2019,2923.333333,3022.583333
06/11/2019,3366.208333,3110.895833
07/11/2019,3370.583333,3181.708333
08/11/2019,2848.645833,2763.270833
09/11/2019,3503.333333,3255.6875
10/11/2019,3623.604167,3335.25
11/11/2019,3746.375,3713.208333
12/11/2019,4049.75,3781.958333
13/11/2019,3804.916667,3812.75
14/11/2019,3821.791667,3812
15/11/2019,3797.416667,3789.6875
16/11/2019,3483.291667,3595.395833
17/11/2019,3338.395833,3398.729167
18/11/2019,3730.208333,3781.541667
19/11/2019,3808.125,3759.354167
20/11/2019,3840.854167,3779.895833
21/11/2019,3881.770833,3775.9375
22/11/2019,3878.833333,3731.541667
23/11/2019,3589.916667,3503.854167
24/11/2019,3459.395833,3310.333333
25/11/2019,3932.916667,3660.25
26/11/2019,3993.625,3674.270833
27/11/2019,4029.645833,3728.020833
28/11/2019,3993.708333,3732.6875
29/11/2019,3937.854167,3693.791667
30/11/2019,3653.333333,3424.791667
01/12/2019,3648.645833,3353.979167
02/12/2019,3838.375,3705.604167
03/12/2019,3592.416667,3735.291667
04/12/2019,3362.645833,3463.770833
05/12/2019,2777.520833,2868.145833
06/12/2019,3383.375,3157.5
07/12/2019,3328.979167,3155.645833
08/12/2019,3243.354167,3048.291667
09/12/2019,3507.395833,3231.395833
10/12/2019,3352.5625,3065.354167
11/12/2019,3830.458333,3762.75
12/12/2019,4022.854167,3776.895833
13/12/2019,3960.3125,3753.208333
14/12/2019,3699.979167,3541.854167
15/12/2019,3533.875,3482.229167
16/12/2019,3977.083333,3838.604167
17/12/2019,4057.041667,3973.25
18/12/2019,4049.979167,3906.979167
19/12/2019,4008.291667,3809.395833
20/12/2019,3956.020833,3735.166667
21/12/2019,3656.083333,3499.604167
22/12/2019,3488.666667,3243.104167
23/12/2019,3918.229167,3432.416667
24/12/2019,3570.979167,3321.666667
25/12/2019,3216,3100.125
26/12/2019,3172.583333,2943.8125
27/12/2019,3443.583333,3093.020833
28/12/2019,3320.166667,3058.604167
29/12/2019,3280.604167,2977.708333
30/12/2019,3421.854167,3184.520833
31/12/2019,3498.375,3243.729167
01/01/2020,3411.5625,3040.5625
02/01/2020,3810.4375,3441.208333
03/01/2020,3567.416667,3465.416667
04/01/2020,3898.375,3260.083333
05/01/2020,3547.1875,3022.083333
06/01/2020,2835.604167,2686.1875
07/01/2020,3300.645833,3270.604167
08/01/2020,2915.1875,2894.9375
09/01/2020,3301.479167,3255.0625
10/01/2020,3417.5625,3498.645833
11/01/2020,3121.854167,3294.916667
12/01/2020,3881.979167,3825.416667
13/01/2020,4053.166667,3653.916667
14/01/2020,4189.5,3756.541667
15/01/2020,4165.916667,3797.729167
16/01/2020,4129.208333,3883.645833
17/01/2020,4119.25,3787.5
18/01/2020,3870.229167,3624.833333
19/01/2020,3686.770833,3507.916667
20/01/2020,4047.604167,3884.75
21/01/2020,4057.166667,3901.3125
22/01/2020,4089.208333,3835.541667
23/01/2020,4137.416667,3824.395833
24/01/2020,4099.375,3757.770833
25/01/2020,3795.291667,3514.875
26/01/2020,3623.6875,3353.604167
27/01/2020,4038.520833,3799.4375
28/01/2020,4115.625,3922.083333
29/01/2020,4141.604167,3905.145833
30/01/2020,4132.9375,3805.666667
31/01/2020,4102.104167,3710.333333
01/02/2020,4090.375,3400.604167
02/02/2020,3596.625,3340.75
03/02/2020,4102.208333,3813.833333
04/02/2020,3920.729167,3249.583333
05/02/2020,3277.666667,2856.083333
06/02/2020,3237.604167,2960.895833
07/02/2020,3326.854167,3200.270833
08/02/2020,2762.916667,2755.208333
09/02/2020,3348.416667,3348.291667
10/02/2020,3419.083333,3446.8125
11/02/2020,3623.645833,3554.375
12/02/2020,3874.979167,3819.125
13/02/2020,4114.75,3932.645833
14/02/2020,4069.229167,3816.604167
15/02/2020,3740.979167,3593.041667
16/02/2020,3691.666667,3446.833333
17/02/2020,3958.020833,3832.041667
18/02/2020,4038.25,3900.520833
19/02/2020,4081.5,3906.166667
20/02/2020,4061.770833,3833.125
21/02/2020,4076.479167,3864.104167
22/02/2020,3772.75,3525.291667
23/02/2020,3511.8125,3426.166667
24/02/2020,4058.520833,3721.458333
25/02/2020,4195.1875,3873.875
26/02/2020,4185.979167,3916.833333
27/02/2020,4091.458333,3843.3125
28/02/2020,3945.520833,3789.1875
29/02/2020,3771.875,3604.333333
01/03/2020,4082.104167,3517.791667
02/03/2020,4100.854167,3744.375
03/03/2020,4157.3125,3836.25
04/03/2020,3857.208333,3183.6875
05/03/2020,3209.833333,2754.145833
06/03/2020,3299.166667,2993.8125
07/03/2020,3289.25,3208.8125
08/03/2020,2780.625,2792.395833
09/03/2020,3365.833333,3296.9375
10/03/2020,3150.75,3198.8125
11/03/2020,3685.541667,3661.73913
12/03/2020,3853.541667,3943.354167
13/03/2020,3817.895833,3768.5625
14/03/2020,3607.1875,3496.020833
15/03/2020,3466.833333,3269.041667
16/03/2020,3801.520833,3589.416667
17/03/2020,3607.916667,3362.895833
18/03/2020,4041.354167,3592.6875
19/03/2020,4048.583333,3596
20/03/2020,3952.5,3587
21/03/2020,3599.0625,3364.895833
22/03/2020,3536.416667,3202.479167
23/03/2020,3849.791667,3495.833333
24/03/2020,3908.791667,3499.4375
25/03/2020,3901.583333,3451.104167
26/03/2020,3924.354167,3426.520833
27/03/2020,3801.8125,3406.934783
28/03/2020,3543.104167,3100.020833
29/03/2020,3439,3049.26087
30/03/2020,3716.804348,3288.479167
31/03/2020,3833.25,3279.666667
01/04/2020,3796.5625,3285.125
02/04/2020,4135.833333,3836.875
03/04/2020,4107.8125,3832.354167
04/04/2020,3515.1875,3022
05/04/2020,3133.166667,2742
06/04/2020,3328.645833,3029.854167
07/04/2020,3001.75,2990.8125
08/04/2020,3140.8125,3082.479167
09/04/2020,3317.25,3248.083333
10/04/2020,2967.541667,3256.5
11/04/2020,3739.458333,3885.45
12/04/2020,3876.583333,4001.916667
13/04/2020,3338.208333,2792.354167
14/04/2020,3689.708333,3031.104167
15/04/2020,3700.625,3055.916667
16/04/2020,3691.604167,3042.854167
17/04/2020,3678.0625,2976.041667
18/04/2020,3321.958333,2870.583333
19/04/2020,3302.354167,2817.041667
20/04/2020,3613.3125,2934.583333
21/04/2020,3715.958333,2986.270833
22/04/2020,3726.0625,3022.25
23/04/2020,3735.75,3032.895833
24/04/2020,3671.854167,3020.291667
25/04/2020,3360.5,2829.021739
26/04/2020,3175.25,2808.333333
27/04/2020,3613.3125,2994.25
28/04/2020,3625.75,3051.354167
29/04/2020,3607.729167,3066.916667
30/04/2020,3621.208333,3071.75
01/05/2020,3608.375,3169.708333
02/05/2020,4177.6875,3821.791667
03/05/2020,4079.916667,3819.6875
04/05/2020,3357.104167,3006.3125
05/05/2020,3503.020833,2946.854167
06/05/2020,3280.645833,2992.729167
07/05/2020,2810.416667,2802.8125
08/05/2020,3180.75,3212.458333
09/05/2020,3070.833333,3041.708333
10/05/2020,3455.958333,3475.375
11/05/2020,3712.145833,3729.5625
12/05/2020,3620.083333,3674.583333
13/05/2020,3480.479167,3047.958333
14/05/2020,3504.979167,3059.8125
15/05/2020,3484.770833,3042.770833
16/05/2020,3187.25,2829.1875
17/05/2020,3052.479167,2748.395833
18/05/2020,3449.583333,3005.020833
19/05/2020,3536.0625,3049.625
20/05/2020,3543.708333,3033.916667
21/05/2020,3531.708333,3053.041667
22/05/2020,3484.625,2962.208333
23/05/2020,3200.291667,2767.875
24/05/2020,3064.041667,2701.4375
25/05/2020,3451.520833,2966.083333
26/05/2020,3511.145833,3079.520833
27/05/2020,3507.416667,3089.083333
28/05/2020,3523.9375,3076.304348
29/05/2020,3450.5,2971.354167
30/05/2020,3150.916667,2742.104167
31/05/2020,3043.104167,2639.9375
01/06/2020,4124.145833,3531.875
02/06/2020,4144.333333,3822.5625
03/06/2020,4016.645833,3765.0625
04/06/2020,3768.6875,3134.291667
05/06/2020,3580.229167,2996.375
06/06/2020,3000.25,2876.395833
07/06/2020,3227.166667,3099
08/06/2020,3219.104167,3152.291667
09/06/2020,2927.020833,2956.770833
10/06/2020,3523.645833,3525.354167
11/06/2020,3716.270833,3595.791667
12/06/2020,3376.75,3651.9375
13/06/2020,2972.75,2903.729167
14/06/2020,2854.5,2792.5
15/06/2020,3241.416667,3068.145833
16/06/2020,3289.895833,3137.916667
17/06/2020,3304.5,3137.547619
18/06/2020,3265.25,3151.043478
19/06/2020,3260.895833,3098.645833
20/06/2020,2958.145833,2870.729167
21/06/2020,2835.75,2725.5625
22/06/2020,3235.270833,3093.645833
23/06/2020,3315.625,3199.5625
24/06/2020,3334.770833,3200.333333
25/06/2020,3311.354167,3202.291667
26/06/2020,3266.583333,3134.604167
27/06/2020,2965.9375,2873.270833
28/06/2020,2808.895833,2726.770833
29/06/2020,3206.395833,3106.229167
30/06/2020,3273.479167,3228.875
01/07/2020,4196.625,3606.145833
02/07/2020,4132.25,3857.145833
03/07/2020,3688.604167,3517.0625
04/07/2020,3872.416667,3097.895833
05/07/2020,3559.3125,3003.416667
06/07/2020,2819.875,2774.0625
07/07/2020,3285.229167,3259.708333
08/07/2020,3213.979167,3156.229167
09/07/2020,3290.520833,3227.583333
10/07/2020,3494.583333,3555.729167
11/07/2020,3432.354167,3363.895833
12/07/2020,3929.666667,4069.708333
13/07/2020,3204.125,3149.3125
14/07/2020,3256.416667,3222.333333
15/07/2020,3289.145833,3222.979167
16/07/2020,3236.291667,3223.625
17/07/2020,3224.791667,3204.083333
18/07/2020,2962.041667,2940.833333
19/07/2020,2819.416667,2783.666667
20/07/2020,3214.375,3101.333333
21/07/2020,3236.458333,3151.833333
22/07/2020,3223.083333,3141.5
23/07/2020,3240.375,3180.8125
24/07/2020,3184.270833,3163.125
25/07/2020,2891.270833,2909.1875
26/07/2020,2846.666667,2786.145833
27/07/2020,3094.5625,3071.520833
28/07/2020,3178.020833,3120.395833
29/07/2020,3204.770833,3154.916667
30/07/2020,3225.541667,3151.666667
31/07/2020,3199.104167,3134.978261
01/08/2020,4215.416667,3628
02/08/2020,3854.604167,3549.375
03/08/2020,3616.979167,3321.583333
04/08/2020,3865.333333,3121.875
05/08/2020,3577.541667,2996.333333
06/08/2020,3220.583333,3027.458333
07/08/2020,3300.645833,3268.9375
08/08/2020,2976.583333,2951.875
09/08/2020,3370,3300.0625
10/08/2020,3469.229167,3497.4375
11/08/2020,3213.770833,3260.458333
12/08/2020,4013.604167,4143.456522
13/08/2020,3244.791667,3273.395833
14/08/2020,3224.5,3266.083333
15/08/2020,2986.9375,3023.583333
16/08/2020,2841.479167,2917.875
17/08/2020,3276.145833,3264.270833
18/08/2020,3348.25,3289
19/08/2020,3318.708333,3315.895833
20/08/2020,3308.354167,3197.208333
21/08/2020,3257.8125,3223.958333
22/08/2020,3016.333333,2974.541667
23/08/2020,2869.75,2868.729167
24/08/2020,3271.416667,3207.25
25/08/2020,3328.416667,3323.416667
26/08/2020,3329.520833,3257.25
27/08/2020,3341.729167,3318.1875
28/08/2020,3293.895833,3198.5
29/08/2020,3041.416667,2963.895833
30/08/2020,2882.583333,2912.75
31/08/2020,3239.270833,3168.145833
01/09/2020,4223.125,3776.9375
02/09/2020,3613,3429.8125
03/09/2020,3923.291667,3783.270833
04/09/2020,3859.375,3084.958333
05/09/2020,3235.854167,2794.791667
06/09/2020,3271.375,3099.108696
07/09/2020,3283.041667,3195.375
08/09/2020,2750.104167,2837.020833
09/09/2020,3353.708333,3276.166667
10/09/2020,3481.375,3480
11/09/2020,3678.6875,3527.5
12/09/2020,3965.375,4123.458333
13/09/2020,2924.875,2963.6875
14/09/2020,3304.708333,3254.833333
15/09/2020,3354.5,3327.8125
16/09/2020,3385.729167,3362
17/09/2020,3399.666667,3299.166667
18/09/2020,3368.8125,3241.5
19/09/2020,3155.104167,3019.895833
20/09/2020,2948.604167,2961.229167
21/09/2020,3348.291667,3253.666667
22/09/2020,3443.354167,3313.6875
23/09/2020,3493.979167,3331.125
24/09/2020,3431.416667,3410.5625
25/09/2020,3380.145833,3398.541667
26/09/2020,3128.6875,3161.291667
27/09/2020,2979.083333,3072.583333
28/09/2020,3331.541667,3352.583333
29/09/2020,3404.416667,3417.791667
30/09/2020,3422.145833,3467.5
01/10/2020,4193.3125,3698.166667
02/10/2020,4123.3125,3893.3125
03/10/2020,3992.208333,3753.416667
04/10/2020,3689.291667,3024.916667
05/10/2020,3076.770833,2736.041667
06/10/2020,3279.8125,3127.979167
07/10/2020,3243,3140.979167
08/10/2020,3215.479167,3173.916667
09/10/2020,3355.375,3443.041667
10/10/2020,3178.166667,3242.854167
11/10/2020,3753.958333,3608.479167
12/10/2020,4026.520833,4005.791667
13/10/2020,3389.75,3503.229167
14/10/2020,3494.020833,3523.229167
15/10/2020,3551.354167,3532.041667
16/10/2020,3519.083333,3380.444444
17/10/2020,3258.729167,2932.5
18/10/2020,3037.770833,2884.5
19/10/2020,3487.229167,2691
20/10/2020,3567.958333,3626.5
21/10/2020,3593.958333,3523.108696
22/10/2020,3600.4375,3570.020833
23/10/2020,3538.25,3477.229167
24/10/2020,3297.125,3298
25/10/2020,3031.5,3163.76087
26/10/2020,3185.108696,3188
27/10/2020,3549.604167,3466.979167
28/10/2020,3597.875,3608.604167
29/10/2020,3632.0625,3662.208333
30/10/2020,3626.479167,3531.083333
31/10/2020,3311.520833,3323.708333
01/11/2020,3849.958333,3371.895833
02/11/2020,4175.0625,4036.541667
03/11/2020,4023.6875,3777.916667
04/11/2020,3483.416667,2874.666667
05/11/2020,3492.916667,2955
06/11/2020,3285.520833,3162.3125
07/11/2020,2975.625,2925.3125
08/11/2020,3270.916667,3247.125
09/11/2020,3325.375,3261.104167
10/11/2020,3050.75,3144.208333
11/11/2020,3757.4375,3694
12/11/2020,3955.770833,3893.625
13/11/2020,3714.458333,3610.583333
14/11/2020,3445.458333,3428.625
15/11/2020,3253,3293.854167
16/11/2020,3649.729167,3639.416667
17/11/2020,3725.729167,3632.020833
18/11/2020,3794.5625,3660.229167
19/11/2020,3779.0625,3735.395833
20/11/2020,3777.083333,3703.854167
21/11/2020,3477.9375,3415.895833
22/11/2020,3271.625,3320.73913
23/11/2020,3753.395833,3714.041667
24/11/2020,3857.375,3741.916667
25/11/2020,3869.166667,3743.229167
26/11/2020,3840.3125,3772.086957
27/11/2020,3829.520833,3750.979167
28/11/2020,3504.083333,3583.545455
29/11/2020,3352.5,3425.270833
30/11/2020,3767.166667,3751.916667
01/12/2020,3640.208333,3254.875
02/12/2020,4123.541667,3964.270833
03/12/2020,3961.770833,3855.083333
04/12/2020,3289,2850.291667
05/12/2020,3504.041667,3062.145833
06/12/2020,3241.6875,3126.770833
07/12/2020,2830.625,2800.729167
08/12/2020,3290.520833,3271.6875
09/12/2020,3114.3125,3011.833333
10/12/2020,3455.958333,3398.916667
11/12/2020,3729,3662.375
12/12/2020,3687.208333,3650.195652
13/12/2020,3476.666667,3646.152174
14/12/2020,3987.416667,3850.541667
15/12/2020,3950.0625,3878.934783
16/12/2020,3944.041667,3926.208333
17/12/2020,3889.083333,3884.395833
18/12/2020,3764.520833,3774.645833
19/12/2020,3495.770833,3567
20/12/2020,3533.520833,3456.625
21/12/2020,3378.979167,3803.041667
22/12/2020,3207.770833,3869.869565
23/12/2020,3291.145833,3797.913043
24/12/2020,3381.3125,3582.083333
25/12/2020,3133.208333,3340.1875
26/12/2020,3079.958333,3119.520833
27/12/2020,3378.708333,3254.270833
28/12/2020,3472.833333,3429.869565
29/12/2020,3388.583333,3529.416667
30/12/2020,3310.354167,3584.604167
31/12/2020,3367.729167,3603.75
01/01/2021,3295.4375,3341.520833
02/01/2021,3983.166667,3828.166667
03/01/2021,3951.916667,3666.270833
04/01/2021,3897.333333,3529.979167
05/01/2021,3357.8125,3258.666667
06/01/2021,3477.9375,3393.791667
07/01/2021,3545.854167,3417.354167
08/01/2021,2995.270833,2914.458333
09/01/2021,3613.5625,3458.270833
10/01/2021,3744.395833,3487.6875
11/01/2021,3852.695652,3721.291667
12/01/2021,4222.354167,4076.195652
13/01/2021,4031.708333,3751.458333
14/01/2021,3976.395833,3719.145833
15/01/2021,3926.875,3861.229167
16/01/2021,3713.791667,3517.8125
17/01/2021,3550.645833,3473.75
18/01/2021,3893.729167,3791.75
19/01/2021,3901.395833,3815.541667
20/01/2021,3916.5625,3842.208333
21/01/2021,3960.895833,3861.9375
22/01/2021,3933.291667,3877.8125
23/01/2021,3632.916667,3651.5625
24/01/2021,3473.458333,3618.0625
25/01/2021,3888.5625,3988.979167
26/01/2021,3971.5625,3922.9375
27/01/2021,3997.270833,3819.875
28/01/2021,3986.625,3770.5
29/01/2021,3946.395833,3741.958333
30/01/2021,3653.125,3609.645833
31/01/2021,3473.208333,3555.208333
01/02/2021,3619.041667,3403.854167
02/02/2021,3975.4375,3861.8125
03/02/2021,3996.041667,3809.708333
04/02/2021,3659.145833,3417.0625
05/02/2021,3183.270833,3118.729167
06/02/2021,3505.625,3441.6875
07/02/2021,3517.145833,3399.166667
08/02/2021,3039.479167,2993.958333
09/02/2021,3644.375,3461.386364
10/02/2021,3461.416667,3252.369565
11/02/2021,3966.416667,3834.333333
12/02/2021,4272.8125,4140.25
13/02/2021,3571.270833,3883.020833
14/02/2021,3548.666667,3576.6875
15/02/2021,3819.145833,3742.395833
16/02/2021,3893.666667,3752
17/02/2021,3940.395833,3792.041667
18/02/2021,3932.416667,3793.583333
19/02/2021,3943.145833,3830.541667
20/02/2021,3632.166667,3504.1875
21/02/2021,3411.6875,3359.125
22/02/2021,3939.5,3674.4375
23/02/2021,4034.083333,3837.25
24/02/2021,4034.083333,3724.5625
25/02/2021,3953.625,3698.541667
26/02/2021,3807.645833,3656.145833
27/02/2021,3624.0625,3414.229167
28/02/2021,3423.458333,3327.125
01/03/2021,3471.145833,3440.875
02/03/2021,4032,3843.770833
03/03/2021,3959.104167,3860.666667
04/03/2021,3511.125,3252.145833
05/03/2021,3212.75,3205.9375
06/03/2021,3516.479167,3401.304348
07/03/2021,3222.708333,3123.166667
08/03/2021,3386.1875,3257.5625
09/03/2021,3598,3459.75
10/03/2021,3358.895833,3161.25
11/03/2021,4047.104167,3830.227273
12/03/2021,4243.645833,4013.413043
13/03/2021,3475.208333,3536.458333
14/03/2021,3338.166667,3410.875
15/03/2021,3812.083333,3650.333333
16/03/2021,3867.604167,3593.520833
17/03/2021,4008.6875,3381.770833
18/03/2021,3935.1875,3537.104167
19/03/2021,3929.4375,3540.9375
20/03/2021,3641.708333,3369.0625
21/03/2021,3456.1875,3287.916667
22/03/2021,3866.854167,3576.083333
23/03/2021,3933.916667,3653.25
24/03/2021,3920.958333,3635.75
25/03/2021,3895.8125,3669.729167
26/03/2021,3792.125,3683.833333
27/03/2021,3528.958333,3491.979167
28/03/2021,3390.5,3328.521739
29/03/2021,3710.217391,3557.520833
30/03/2021,3839.041667,3529.791667
31/03/2021,3900.666667,3543.791667
01/04/2021,3953.625,3830.958333
02/04/2021,3992.416667,3819.458333
03/04/2021,3946.75,3891.229167
04/04/2021,3240.6875,3162.833333
05/04/2021,3552.791667,3476.020833
06/04/2021,3469.5625,3334.125
07/04/2021,3046.354167,3040.375
08/04/2021,3448.166667,3315.395833
09/04/2021,3337.229167,3229.304348
10/04/2021,3750.583333,3537.1875
11/04/2021,4041.833333,3946.043478
12/04/2021,3940.375,3797.166667
13/04/2021,3763.145833,3653.3125
14/04/2021,3748.541667,3571.333333
15/04/2021,3686.645833,3546.75
16/04/2021,3608.645833,3514.395833
17/04/2021,3476.770833,3259
18/04/2021,3232.979167,3216.020833
19/04/2021,3522.125,3510.020833
20/04/2021,3633.145833,3597.020833
21/04/2021,3653.041667,3502.729167
22/04/2021,3662.25,3488.541667
23/04/2021,3624.666667,3460.416667
24/04/2021,3353.75,3181.6875
25/04/2021,3239.770833,3118.020833
26/04/2021,3549.291667,3406.958333
27/04/2021,3683.3125,3458.145833
28/04/2021,3663.833333,3489.416667
29/04/2021,3669.375,3520.5
30/04/2021,3615.854167,3507.083333
01/05/2021,4003.1875,3942.395833
02/05/2021,3977.041667,3789.708333
03/05/2021,3911.479167,3811.75
04/05/2021,3278.979167,3185.770833
05/05/2021,3619.041667,3549.791667
06/05/2021,3207,3107.416667
07/05/2021,3464.520833,3304.416667
08/05/2021,3462.770833,3354
09/05/2021,3208.291667,3137.416667
10/05/2021,3804.854167,3575.5625
11/05/2021,3990.833333,3848.708333
12/05/2021,3777.6875,3682.666667
13/05/2021,3540.416667,3447.729167
14/05/2021,3525.1875,3412.145833
15/05/2021,3231.1875,3191.270833
16/05/2021,3118.229167,3098
17/05/2021,3490.333333,3406.541667
18/05/2021,3565.895833,3477.458333
19/05/2021,3567.6875,3464.5625
20/05/2021,3581.5625,3590.645833
21/05/2021,3526.3125,3526.895833
22/05/2021,3235.4375,3220.5
23/05/2021,3098.8125,3151.041667
24/05/2021,3475.291667,3405.5625
25/05/2021,3548.291667,3487.875
26/05/2021,3548.291667,3452.5
27/05/2021,3562.645833,3444.625
28/05/2021,3480.5,3487.166667
29/05/2021,3193.791667,3160.4375
30/05/2021,3026.458333,2984.875
31/05/2021,3468.729167,3287.125
01/06/2021,4047.9375,4004.979167
02/06/2021,3682.708333,3539
03/06/2021,3601.125,3530.020833
04/06/2021,3692.895833,3582.416667
05/06/2021,3605.229167,3524.479167
06/06/2021,3071.166667,2963.375
07/06/2021,3542.458333,3428.708333
08/06/2021,3454.291667,3326.0625
09/06/2021,3589.8125,3439.75
10/06/2021,3815.1875,3678.875
11/06/2021,3694.875,3558.804348
12/06/2021,4263.791667,4022.217391
13/06/2021,3071.208333,3034.958333
14/06/2021,3457.895833,3280.833333
15/06/2021,3526,3353.041667
16/06/2021,3540.3125,3352.708333
17/06/2021,3509.770833,3323.354167
18/06/2021,3460,3332.8125
19/06/2021,3182.1875,3071.958333
20/06/2021,3051.333333,2987.0625
21/06/2021,3472.958333,3230.9375
22/06/2021,3551.520833,3370.729167
23/06/2021,3558.583333,3435.041667
24/06/2021,3549.520833,3430.0625
25/06/2021,3502.479167,3356.916667
26/06/2021,3198.4375,3096.6875
27/06/2021,3042.104167,2980.8125
28/06/2021,3446.104167,3284.666667
29/06/2021,3551.291667,3386.25
30/06/2021,3566.395833,3409.458333
01/07/2021,4067.666667,4010.229167
02/07/2021,3451.75,3582.041667
03/07/2021,3498.875,3439.895833
04/07/2021,3692.895833,3689.354167
05/07/2021,3598.291667,3519.854167
06/07/2021,3088,2985.5625
07/07/2021,3552.5625,3411.854167
08/07/2021,3217.8125,3111.3125
09/07/2021,3665.479167,3501.041667
10/07/2021,3803.125,3667.208333
11/07/2021,3561.083333,3439.282609
12/07/2021,4313.854167,4122.391304
13/07/2021,3525.395833,3433.666667
14/07/2021,3525.208333,3422.020833
15/07/2021,3507.979167,3461.136364
16/07/2021,3504.8125,3437.5
17/07/2021,3203.25,3182.25
18/07/2021,3071.041667,3036.208333
19/07/2021,3490.270833,3378.208333
20/07/2021,3515.854167,3446.791667
21/07/2021,3497.229167,3448.166667
22/07/2021,3523.166667,3456.229167
23/07/2021,3447.145833,3416.354167
24/07/2021,3146.541667,3095.291667
25/07/2021,3017.375,2992.645833
26/07/2021,3375.354167,3293.041667
27/07/2021,3437.291667,3322.854167
28/07/2021,3449.6875,3242.041667
29/07/2021,3471.8125,3294.541667
30/07/2021,3440.125,3314.229167
31/07/2021,3152.770833,3096.3125
01/08/2021,4075.833333,3996.791667
02/08/2021,3966.3125,4030.1875
03/08/2021,3772.125,3691.333333
04/08/2021,3692.895833,3638.895833
05/08/2021,3289.791667,3263.6875
06/08/2021,3496.5625,3329.020833
07/08/2021,3531.791667,3442.020833
08/08/2021,3074.25,2929.625
09/08/2021,3657.4375,3559.625
10/08/2021,3781.583333,3581.541667
11/08/2021,4013.895833,3721.045455
12/08/2021,4303.104167,4196.652174
13/08/2021,3520.3125,3309.125
14/08/2021,3229.979167,3146.041667
15/08/2021,3116,3028.979167
16/08/2021,3522.729167,3310.541667
17/08/2021,3600.854167,3408.958333
18/08/2021,3616.375,3421.0625
19/08/2021,3595.291667,3459.375
20/08/2021,3553.020833,3439.395833
21/08/2021,3282.583333,3195.145833
22/08/2021,3146.6875,3065.130435
23/08/2021,3530.708333,3390
24/08/2021,3619.333333,3433.395833
25/08/2021,3582.583333,3429.583333
26/08/2021,3604.020833,3462.708333
27/08/2021,3552.125,3420.375
28/08/2021,3268.6875,3160.791667
29/08/2021,3150.666667,3061.6875
30/08/2021,3512.041667,3372.083333
31/08/2021,3587.958333,3418.354167
01/09/2021,3710.125,3760.25
02/09/2021,4021.895833,4156.854167
03/09/2021,3833.916667,3813.869565
04/09/2021,3692.895833,3610.291667
05/09/2021,3143.0625,3167.333333
06/09/2021,3516.8125,3424.4375
07/09/2021,3486.9375,3403
08/09/2021,3445.729167,3269.6875
09/09/2021,3667.229167,3584.833333
10/09/2021,3488.25,3338.458333
11/09/2021,4083.4375,3739.108696
12/09/2021,4293.020833,4233.761905
13/09/2021,2735.5,3925.291667
14/09/2021,3063.833333,3528.520833
15/09/2021,3392.166667,3536.5625
16/09/2021,3720.5,3515.785714
17/09/2021,3624.708333,3508.083333
18/09/2021,3374.479167,3225.282609
19/09/2021,3255.833333,3096.045455
20/09/2021,3618.125,3442.8125
21/09/2021,3703.8125,3525.4375
22/09/2021,3737.854167,3490.541667
23/09/2021,3708.125,3501.770833
24/09/2021,3680.875,3518.958333
25/09/2021,3411.375,3271.666667
26/09/2021,3261.125,3177.3125
27/09/2021,3671.354167,3379.520833
28/09/2021,3731.104167,3451.913043
29/09/2021,3764.916667,3518.25
30/09/2021,3777.916667,3582.818182
01/10/2021,3495.479167,3604.083333
02/10/2021,3993.770833,4081.3125
03/10/2021,3886.1875,3839.770833
04/10/2021,3459.979167,3400.75
05/10/2021,3501.625,3420.541667
06/10/2021,3531.875,3478.229167
07/10/2021,3210.270833,3152.875
08/10/2021,3531.291667,3386.854167
09/10/2021,3616.5,2985.05
10/10/2021,3355.1875,3224.854167
11/10/2021,4098.104167,3808.395833
12/10/2021,4230.229167,4215.113636
13/10/2021,3817.875,3655.291667
14/10/2021,3854.354167,3663.125
15/10/2021,3841.520833,3628.4375
16/10/2021,3566.479167,3376.5625
17/10/2021,3428,3232.770833
18/10/2021,3835.0625,3578.583333
19/10/2021,3919.583333,3647.729167
20/10/2021,3938.125,3677.979167
21/10/2021,3927.104167,3661.25
22/10/2021,3897.083333,3705.043478
23/10/2021,3592.875,3428.416667
24/10/2021,3126.5,3204.854167
25/10/2021,3513.173913,3246.958333
26/10/2021,3921.8125,3633.958333
27/10/2021,3954.0625,3500.5625
28/10/2021,3964.833333,3877.1
29/10/2021,3934.458333,3652.608696
30/10/2021,3339.5,3455.304348
31/10/2021,3620.541667,3419.159091
01/11/2021,3901.583333,3856.270833
02/11/2021,4005.416667,4277.479167
03/11/2021,3830.895833,3812.145833
04/11/2021,3350.395833,3335.125
05/11/2021,3543.8125,3401.791667
06/11/2021,2931.5,3363.395833
07/11/2021,3067.729167,3045.020833
08/11/2021,3558.583333,3360.229167
09/11/2021,3323.145833,3465.354167
10/11/2021,3653.229167,3570.479167
11/11/2021,4081.4375,3846.642857
12/11/2021,3963.875,3792.428571
13/11/2021,3759.5,3517.479167
14/11/2021,3629.021739,3367.104167
15/11/2021,4026.145833,3733.166667
16/11/2021,4068.583333,3811.478261
17/11/2021,4112.416667,3850.227273
18/11/2021,4138.958333,3844.204545
19/11/2021,4139.604167,3805.020833
20/11/2021,3848.479167,3539
21/11/2021,3699.645833,3504.333333
22/11/2021,4142.5,3959.652174
23/11/2021,4193.0625,4083.541667
24/11/2021,4226.1875,4058.520833
25/11/2021,3803.5,4129.5
26/11/2021,4205.456522,4102.166667
27/11/2021,3887.5625,3845.833333
28/11/2021,3736.625,3745.8125
29/11/2021,4171.520833,4009.229167
30/11/2021,4246.270833,4009.25
01/12/2021,4030.875,3841.729167
02/12/2021,3929.9375,4138.645833
03/12/2021,3679.145833,3797.145833
04/12/2021,3665.104167,3635.270833
05/12/2021,3521.770833,3485.125
06/12/2021,3223.673913,3125.041667
07/12/2021,3469.541667,3380.666667
08/12/2021,3540.0625,3335.0625
09/12/2021,3220.916667,3497.916667
10/12/2021,3775.041667,3660.770833
11/12/2021,4079.958333,3784.9375
12/12/2021,3817.791667,3678.847826
13/12/2021,4231.6875,4094.714286
14/12/2021,4271.375,4142.043478
15/12/2021,4252.520833,4080.847826
16/12/2021,3888.5,4020.238095
17/12/2021,4107.913043,4079
18/12/2021,3822.125,3811.416667
19/12/2021,3646.395833,3690.458333
20/12/2021,3877.083333,4075.791667
21/12/2021,3844.041667,4147.136364
22/12/2021,3774.8125,3966.108696
23/12/2021,3735.270833,3744.454545
24/12/2021,3707.395833,3557.125
25/12/2021,3448.3125,3289.4375
26/12/2021,3310.083333,3110.729167
27/12/2021,3564.479167,3366.045455
28/12/2021,3663.375,3383.521739
29/12/2021,3748.958333,3477.478261
30/12/2021,3782.708333,3514.875
31/12/2021,3664.291667,3420.25
01/01/2022,3763.041667,3178.704545
02/01/2022,4308.208333,4016.375
03/01/2022,4293.270833,4031.318182
04/01/2022,3899,3845.729167
05/01/2022,3258.104167,3809.696429
06/01/2022,3586.666667,3773.66369
07/01/2022,3684.204167,3737.630952
08/01/2022,3781.741667,3701.598214
09/01/2022,3879.279167,3665.565476
10/01/2022,3976.816667,3629.532738
11/01/2022,4074.354167,3593.5
12/01/2022,4307.791667,3908.826087
13/01/2022,4351.543478,4102.020833
14/01/2022,4278.958333,4020.891304
15/01/2022,4005.895833,3713.458333
16/01/2022,3829.645833,3791.7
17/01/2022,4262.5,4009.714286
18/01/2022,4289.354167,4152.104167
19/01/2022,4292.25,4024.979167
20/01/2022,4295.458333,4124.208333
21/01/2022,4199.833333,4055.913043
22/01/2022,3890.708333,3701.409091
23/01/2022,3746.729167,3605
24/01/2022,4180.583333,4014.708333
25/01/2022,4295.729167,4082.25
26/01/2022,4320.416667,4029.125
27/01/2022,4334.145833,3963.625
28/01/2022,4258.895833,3929.354167
29/01/2022,3945.520833,3577.895833
30/01/2022,3780.75,3620.8125
31/01/2022,4234.145833,3981.1875
01/02/2022,3643.354167,3215.782609
02/02/2022,4314.708333,3943.5
03/02/2022,4272.125,3997.065217
04/02/2022,3608.854167,3542.954545
05/02/2022,3297.333333,3595.928571
06/02/2022,3602.645833,3648.902597
07/02/2022,3717.541667,3701.876623
08/02/2022,3832.4375,3754.850649
09/02/2022,3947.333333,3807.824675
10/02/2022,4062.229167,3860.798701
11/02/2022,4177.125,3913.772727
12/02/2022,4286.333333,3959.571429
13/02/2022,3710.104167,3574.809524
14/02/2022,4160.875,4019.891304
15/02/2022,4276.270833,4056.391304
16/02/2022,4266.9375,4017.181818
17/02/2022,4235.729167,4068.791667
18/02/2022,4231.3125,4041.434783
19/02/2022,3900.645833,3823.826087
20/02/2022,3742.020833,3650.181818
21/02/2022,4163.145833,4071.181818
22/02/2022,4288.6875,3982.6875
23/02/2022,4314.1875,3988.4375
24/02/2022,4260.541667,4107.761905
25/02/2022,4155.1875,3961.145833
26/02/2022,3936.625,3710.108696
27/02/2022,3813.458333,3520.543478
28/02/2022,4267.895833,3816.477273
01/03/2022,3471.395833,3403.520833
02/03/2022,4292.9375,3917.022727
03/03/2022,4247.958333,3948.956522
04/03/2022,3457.104167,3423.956522
05/03/2022,3633.6875,3471.360692
06/03/2022,3554.875,3518.764862
07/03/2022,3677.3625,3566.169033
08/03/2022,3799.85,3613.573203
09/03/2022,3922.3375,3660.977374
10/03/2022,4044.825,3708.381544
11/03/2022,4167.3125,3755.785714
12/03/2022,3961.770833,3653.595238
13/03/2022,3656.541667,3522.456522
14/03/2022,3901.875,3874.23913
15/03/2022,4021.083333,3974.217391
16/03/2022,4126.416667,3892.130435
17/03/2022,3699.291667,3521.791667
18/03/2022,4021.541667,3474.869565
19/03/2022,3748.604167,3381.795455
20/03/2022,3560.6875,3372.208333
21/03/2022,4093.395833,3697.5
22/03/2022,4160.8125,3744.863636
23/03/2022,4133.104167,3720.166667
24/03/2022,4115.0625,3725.173913
25/03/2022,3999.833333,3687.875
26/03/2022,3638.541667,3424.608696
27/03/2022,3465.5,3308.761905
28/03/2022,3769.565217,3627.5625
29/03/2022,3917.625,3750.130435
30/03/2022,3992.375,3859.409091
31/03/2022,3993.604167,3839.73913
01/04/2022,4185.6875,3882.977273
02/04/2022,4305.958333,3975.958333
03/04/2022,4217.875,3916.772727
04/04/2022,3762.458333,3645.05
05/04/2022,3693.770833,3645.05
06/04/2022,2699.909091,3645.05
